city,state,postcode,country,can_contact,sold_date,event_date,event_desc,num_tickets,is_international,region_category,sold_month,event_month,days_until_event
Sydney,NSW,2155,AU,N,2025-02-24,2025-04-12,Single Day Entry,2,False,Australia,2025-02,2025-04,47
Strathfield,NSW,2135,AU,N,2025-02-24,2025-04-12,Single Day Entry,4,False,Australia,2025-02,2025-04,47
Bondi,NSW,2026,AU,N,2025-02-24,2025-04-17,Single Day Entry,3,False,Australia,2025-02,2025-04,52
Penrith,NSW,2750,AU,N,2025-02-24,2025-04-12,Single Day Entry,2,False,Australia,2025-02,2025-04,47
Fairy Meadow,NSW,2519,AU,Y,2025-02-24,2025-04-16,Reserved Seating,4,False,Australia,2025-02,2025-04,51
Fairy Meadow,NSW,2519,AU,Y,2025-02-24,2025-04-16,Reserved Seating,1,False,Australia,2025-02,2025-04,51
Largs,NSW,2320,AU,N,2025-02-24,2025-04-12,Single Day Entry,8,False,Australia,2025-02,2025-04,47
Thornton,NSW,2322,AU,N,2025-02-24,2025-04-12,Single Day Entry,2,False,Australia,2025-02,2025-04,47
Abermain,NSW,2326,AU,Y,2025-02-24,2025-04-12,Single Day Entry,1,False,Australia,2025-02,2025-04,47
Abermain,NSW,2326,AU,Y,2025-02-24,2025-04-12,Single Day Entry,1,False,Australia,2025-02,2025-04,47
Abermain,NSW,2326,AU,Y,2025-02-24,2025-04-12,Single Day Entry,2,False,Australia,2025-02,2025-04,47
Abermain,NSW,2326,AU,Y,2025-02-24,2025-04-12,Single Day Entry,4,False,Australia,2025-02,2025-04,47
South Penrith,NSW,2750,AU,Y,2025-02-24,2025-04-22,Single Day Entry,2,False,Australia,2025-02,2025-04,57
South Penrith,NSW,2750,AU,Y,2025-02-24,2025-04-22,Single Day Entry,4,False,Australia,2025-02,2025-04,57
Gyeonggido,,15348,KR,N,2025-02-24,2025-04-20,After 4pm Entry,2,True,International,2025-02,2025-04,55
Pymble,NSW,2073,AU,Y,2025-02-24,2025-04-18,Reserved Seating,8,False,Australia,2025-02,2025-04,53
Bronte,NSW,2024,AU,N,2025-02-24,2025-04-12,Single Day Entry,1,False,Australia,2025-02,2025-04,47
Bronte,NSW,2024,AU,N,2025-02-25,2025-04-12,Single Day Entry,2,False,Australia,2025-02,2025-04,46
Morisset,NSW,2264,AU,Y,2025-02-26,2025-04-18,After 4pm Entry,1,False,Australia,2025-02,2025-04,51
Manly,NSW,2095,AU,N,2025-02-27,2025-04-17,Single Day Entry,2,False,Australia,2025-02,2025-04,49
Oatley,NSW,2223,AU,Y,2025-02-28,2025-04-17,Single Day Entry,4,False,Australia,2025-02,2025-04,48
Riverwood,NSW,2210,AU,Y,2025-03-01,2025-04-16,Single Day Entry,4,False,Australia,2025-03,2025-04,46
Singapore,,358719,SG,N,2025-03-02,2025-04-17,Single Day Entry,3,True,International,2025-03,2025-04,46
Shellharbour,NSW,2529,AU,Y,2025-03-03,2025-04-17,Single Day Entry,4,False,Australia,2025-03,2025-04,45
Berkshire Park,NSW,2765,AU,Y,2025-03-04,2025-04-12,Single Day Entry,3,False,Australia,2025-03,2025-04,39
Marrickville,NSW,2204,AU,N,2025-03-05,2025-04-23,Donation,1,False,Australia,2025-03,2025-04,49
Marrickville,NSW,2204,AU,N,2025-02-24,2025-04-12,Single Day Entry,2,False,Australia,2025-02,2025-04,47
Oran Park,NSW,2570,AU,Y,2025-02-24,2025-04-12,Single Day Entry,2,False,Australia,2025-02,2025-04,47
Oran Park,NSW,2570,AU,Y,2025-02-24,2025-04-12,Single Day Entry,1,False,Australia,2025-02,2025-04,47
Wollongong,NSW,2500,AU,Y,2025-02-25,2025-04-16,Big Bush BBQ,4,False,Australia,2025-02,2025-04,50
Wollongong,NSW,2500,AU,Y,2025-02-26,2025-04-16,Reserved Seating,1,False,Australia,2025-02,2025-04,49
Wollongong,NSW,2500,AU,Y,2025-02-27,2025-04-16,Reserved Seating,1,False,Australia,2025-02,2025-04,48
Wollongong,NSW,2500,AU,Y,2025-02-24,2025-04-16,Reserved Seating,1,False,Australia,2025-02,2025-04,51
West Hoxton,NSW,2171,AU,N,2025-02-24,2025-04-16,Single Day Entry,2,False,Australia,2025-02,2025-04,51
New Lambton,NSW,2305,AU,Y,2025-02-24,2025-04-16,Single Day Entry,1,False,Australia,2025-02,2025-04,51
New Lambton,NSW,2305,AU,Y,2025-02-24,2025-04-16,Single Day Entry,4,False,Australia,2025-02,2025-04,51
Bankstown,NSW,2200,AU,Y,2025-02-25,2025-04-12,Single Day Entry,2,False,Australia,2025-02,2025-04,46
Bankstown,NSW,2200,AU,Y,2025-02-26,2025-04-12,Single Day Entry,1,False,Australia,2025-02,2025-04,45
St Clair,NSW,2759,AU,Y,2025-02-27,2025-04-17,Dino Adventures,5,False,Australia,2025-02,2025-04,49
St Clair,NSW,2759,AU,Y,2025-02-24,2025-04-17,Reserved Seating,2,False,Australia,2025-02,2025-04,52
St Clair,NSW,2759,AU,Y,2025-02-24,2025-04-17,Reserved Seating,1,False,Australia,2025-02,2025-04,52
Holsworthy,NSW,2173,AU,N,2025-02-24,2025-04-12,Single Day Entry,2,False,Australia,2025-02,2025-04,47
Parramatta,NSW,2153,AU,Y,2025-02-24,2025-04-12,Single Day Entry,1,False,Australia,2025-02,2025-04,47
City,ACT,2601,AU,Y,2025-02-24,2025-04-12,Single Day Entry,1,False,Australia,2025-02,2025-04,47
Mount Hawthorn,WA,6016,AU,N,2025-02-24,2025-04-15,Bianco - The Viewing,2,False,Australia,2025-02,2025-04,50
Mount Hawthorn,WA,6016,AU,N,2025-02-24,2025-04-15,Reserved Seating,2,False,Australia,2025-02,2025-04,50
Mount Hawthorn,WA,6016,AU,N,2025-03-01,2025-04-23,Give & Gather Bag,2,False,Australia,2025-03,2025-04,53
Mudgee,NSW,2850,AU,N,2025-03-02,2025-04-12,Single Day Entry,1,False,Australia,2025-03,2025-04,41
Mudgee,NSW,2850,AU,N,2025-03-03,2025-04-12,Single Day Entry,4,False,Australia,2025-03,2025-04,40
nan,,,,N,2025-03-04,2025-04-17,Reserved Seating,1,True,International,2025-03,2025-04,44
nan,,,,N,2025-03-05,2025-04-11,Single Day Entry,1,True,International,2025-03,2025-04,37
Mosman,NSW,2088,AU,Y,2025-02-24,2025-04-12,Dino Adventures,4,False,Australia,2025-02,2025-04,47
Mosman,NSW,2088,AU,Y,2025-02-24,2025-04-12,Single Day Entry,4,False,Australia,2025-02,2025-04,47
Speers Point,NSW,2284,AU,Y,2025-02-24,2025-04-12,Single Day Entry,2,False,Australia,2025-02,2025-04,47
Jewells,NSW,2280,AU,Y,2025-02-24,2025-04-17,Single Day Entry,2,False,Australia,2025-02,2025-04,52
nan,,,,N,2025-02-24,2025-04-12,Single Day Entry,1,True,International,2025-02,2025-04,47
nan,,,,N,2025-02-25,2025-04-12,Single Day Entry,1,True,International,2025-02,2025-04,46
Peakhurst,NSW,2210,AU,Y,2025-02-26,2025-04-16,Single Day Entry,4,False,Australia,2025-02,2025-04,49
Captains Flat,NSW,2623,AU,Y,2025-02-27,2025-04-12,Bianco - The Viewing,2,False,Australia,2025-02,2025-04,44
Captains Flat,NSW,2623,AU,Y,2025-02-28,2025-04-12,Single Day Entry,2,False,Australia,2025-02,2025-04,43
Panania,NSW,2213,AU,N,2025-03-01,2025-04-12,Single Day Entry,2,False,Australia,2025-03,2025-04,42
Trundle,NSW,2875,AU,Y,2025-03-02,2025-04-18,After 4pm Entry,2,False,Australia,2025-03,2025-04,47
Trundle,NSW,2875,AU,Y,2025-03-03,2025-04-18,After 4pm Entry,2,False,Australia,2025-03,2025-04,46
nan,,,,N,2025-03-04,2025-04-11,Single Day Entry,1,True,International,2025-03,2025-04,38
Hurstville,NSW,2220,AU,Y,2025-03-05,2025-04-17,Single Day Entry,2,False,Australia,2025-03,2025-04,43
Parramatta,NSW,2150,AU,N,2025-03-06,2025-04-12,Single Day Entry,1,False,Australia,2025-03,2025-04,37
Shellharbour,NSW,2529,AU,N,2025-02-24,2025-04-15,Reserved Seating,2,False,Australia,2025-02,2025-04,50
Broadwater,NSW,2472,AU,Y,2025-02-24,2025-04-15,Bianco - The Viewing,2,False,Australia,2025-02,2025-04,50
Broadwater,NSW,2472,AU,Y,2025-02-25,2025-04-15,Reserved Seating,2,False,Australia,2025-02,2025-04,49
Canley Vale,NSW,2166,AU,Y,2025-02-26,2025-04-17,Single Day Entry,1,False,Australia,2025-02,2025-04,50
North Bondi,NSW,2026,AU,N,2025-02-27,2025-04-12,Single Day Entry,2,False,Australia,2025-02,2025-04,44
Jesmond,NSW,2299,AU,Y,2025-02-24,2025-04-12,Single Day Entry,1,False,Australia,2025-02,2025-04,47
Jesmond,NSW,2299,AU,Y,2025-02-24,2025-04-12,Single Day Entry,2,False,Australia,2025-02,2025-04,47
nan,,,,N,2025-02-24,2025-04-17,Reserved Seating,1,True,International,2025-02,2025-04,52
Cooma,NSW,2630,AU,N,2025-02-24,2025-04-12,Single Day Entry,2,False,Australia,2025-02,2025-04,47
Cooma,NSW,2630,AU,N,2025-02-24,2025-04-12,Single Day Entry,1,False,Australia,2025-02,2025-04,47
Macquarie Park,NSW,2113,AU,N,2025-02-24,2025-04-14,Big Bush BBQ,3,False,Australia,2025-02,2025-04,49
Goulburn,NSW,2580,AU,N,2025-02-24,2025-04-12,Dino Adventures,2,False,Australia,2025-02,2025-04,47
Goulburn,NSW,2580,AU,N,2025-02-24,2025-04-12,Single Day Entry,2,False,Australia,2025-02,2025-04,47
Annandale,NSW,2038,AU,Y,2025-02-24,2025-04-15,After 4pm Entry,1,False,Australia,2025-02,2025-04,50
Kentlyn,NSW,2560,AU,N,2025-02-24,2025-04-22,Single Day Entry,4,False,Australia,2025-02,2025-04,57
Carlingford,NSW,2118,AU,N,2025-02-24,2025-04-16,Single Day Entry,2,False,Australia,2025-02,2025-04,51
Carlingford,NSW,2118,AU,N,2025-02-24,2025-04-16,Single Day Entry,1,False,Australia,2025-02,2025-04,51
Conder,ACT,2906,AU,N,2025-02-24,2025-04-18,After 4pm Entry,2,False,Australia,2025-02,2025-04,53
Toronto,NSW,2283,AU,Y,2025-02-24,2025-04-15,Reserved Seating,4,False,Australia,2025-02,2025-04,50
Corrimal,NSW,2518,AU,Y,2025-02-24,2025-04-18,Reserved Seating,8,False,Australia,2025-02,2025-04,53
Coatesville,,793,NZ,N,2025-02-24,2025-04-22,Single Day Entry,4,True,International,2025-02,2025-04,57
Blackwall,NSW,2256,AU,Y,2025-02-24,2025-04-15,Reserved Seating,2,False,Australia,2025-02,2025-04,50
Blackwall,NSW,2256,AU,Y,2025-02-24,2025-04-15,Reserved Seating,1,False,Australia,2025-02,2025-04,50
Blackwall,NSW,2256,AU,Y,2025-02-24,2025-04-15,Reserved Seating,2,False,Australia,2025-02,2025-04,50
Alexandra Hills,QLD,4161,AU,N,2025-02-24,2025-04-12,Single Day Entry,2,False,Australia,2025-02,2025-04,47
South Turramurra,NSW,2074,AU,N,2025-02-24,2025-04-17,Reserved Seating,4,False,Australia,2025-02,2025-04,52
Albion Park Rail,NSW,2527,AU,Y,2025-02-24,2025-04-12,Single Day Entry,1,False,Australia,2025-02,2025-04,47
Albion Park Rail,NSW,2527,AU,Y,2025-02-24,2025-04-12,Single Day Entry,1,False,Australia,2025-02,2025-04,47
Rouse Hill,NSW,2155,AU,N,2025-02-24,2025-04-17,Single Day Entry,2,False,Australia,2025-02,2025-04,52
Rutherford,NSW,2320,AU,N,2025-02-24,2025-04-12,Single Day Entry,2,False,Australia,2025-02,2025-04,47
Moggill,QLD,4070,AU,Y,2025-02-24,2025-04-18,Big Bush BBQ,3,False,Australia,2025-02,2025-04,53
Moggill,QLD,4070,AU,Y,2025-02-24,2025-04-18,Reserved Seating,4,False,Australia,2025-02,2025-04,53
Moggill,QLD,4070,AU,Y,2025-02-24,2025-04-23,Give & Gather Bag,1,False,Australia,2025-02,2025-04,58
Rosebery,NSW,2018,AU,Y,2025-02-24,2025-04-16,Single Day Entry,4,False,Australia,2025-02,2025-04,51
Baulkham Hills,NSW,2153,AU,Y,2025-02-24,2025-04-17,Single Day Entry,4,False,Australia,2025-02,2025-04,52
Springwood,NSW,2777,AU,Y,2025-02-24,2025-04-16,Dino Adventures,3,False,Australia,2025-02,2025-04,51
Springwood,NSW,2777,AU,Y,2025-02-24,2025-04-16,Single Day Entry,1,False,Australia,2025-02,2025-04,51
Springwood,NSW,2777,AU,Y,2025-02-24,2025-04-16,Single Day Entry,2,False,Australia,2025-02,2025-04,51
Springwood,NSW,2777,AU,Y,2025-02-24,2025-04-23,Give & Gather Bag,1,False,Australia,2025-02,2025-04,58
Leichhardt,NSW,2040,AU,Y,2025-02-24,2025-04-15,Reserved Seating,1,False,Australia,2025-02,2025-04,50
Leichhardt,NSW,2040,AU,Y,2025-02-24,2025-04-15,Reserved Seating,3,False,Australia,2025-02,2025-04,50
Leichhardt,NSW,2040,AU,Y,2025-02-24,2025-04-15,Reserved Seating,2,False,Australia,2025-02,2025-04,50
Elderslie,NSW,2570,AU,Y,2025-02-24,2025-04-16,Reserved Seating,1,False,Australia,2025-02,2025-04,51
Elderslie,NSW,2570,AU,Y,2025-02-24,2025-04-16,Reserved Seating,1,False,Australia,2025-02,2025-04,51
Castlehill,NSW,2154,AU,N,2025-02-24,2025-04-16,Single Day Entry,2,False,Australia,2025-02,2025-04,51
Kirrawee,NSW,2232,AU,Y,2025-02-24,2025-04-12,Single Day Entry,2,False,Australia,2025-02,2025-04,47
nan,,,,N,2025-02-24,2025-04-15,Reserved Seating,2,True,International,2025-02,2025-04,50
Campbelltown,NSW,2560,AU,Y,2025-02-24,2025-04-12,Single Day Entry,4,False,Australia,2025-02,2025-04,47
Claymore,NSW,2559,AU,Y,2025-02-24,2025-04-12,Single Day Entry,1,False,Australia,2025-02,2025-04,47
Tomerong,NSW,2540,AU,Y,2025-02-24,2025-04-22,Single Day Entry,4,False,Australia,2025-02,2025-04,57
Tomerong,NSW,2540,AU,Y,2025-02-24,2025-04-22,Single Day Entry,1,False,Australia,2025-02,2025-04,57
Tomerong,NSW,2540,AU,Y,2025-02-24,2025-04-22,Single Day Entry,1,False,Australia,2025-02,2025-04,57
Tomerong,NSW,2540,AU,Y,2025-02-24,2025-04-22,Single Day Entry,1,False,Australia,2025-02,2025-04,57
South Windsor,NSW,2756,AU,N,2025-02-24,2025-04-12,Single Day Entry,2,False,Australia,2025-02,2025-04,47
St Ives,NSW,2075,AU,Y,2025-02-24,2025-04-16,After 4pm Entry,1,False,Australia,2025-02,2025-04,51
Norwest,NSW,2153,AU,N,2025-02-24,2025-04-17,Single Day Entry,1,False,Australia,2025-02,2025-04,52
Norwest,NSW,2153,AU,N,2025-02-24,2025-04-17,Single Day Entry,3,False,Australia,2025-02,2025-04,52
Phillip,ACT,2606,AU,Y,2025-02-24,2025-04-22,Single Day Entry,4,False,Australia,2025-02,2025-04,57
Woolooware,NSW,2230,AU,Y,2025-02-24,2025-04-12,Single Day Entry,2,False,Australia,2025-02,2025-04,47
Rosemeadow,NSW,2560,AU,Y,2025-02-24,2025-04-16,Single Day Entry,1,False,Australia,2025-02,2025-04,51
Rosemeadow,NSW,2560,AU,Y,2025-02-24,2025-04-16,Single Day Entry,1,False,Australia,2025-02,2025-04,51
Rosemeadow,NSW,2560,AU,Y,2025-02-24,2025-04-23,Donation,1,False,Australia,2025-02,2025-04,58
Miranda,NSW,2228,AU,Y,2025-02-24,2025-04-12,Single Day Entry,2,False,Australia,2025-02,2025-04,47
Cronulla,NSW,2230,AU,Y,2025-02-24,2025-04-17,Single Day Entry,4,False,Australia,2025-02,2025-04,52
Wentworth Point,NSW,2127,AU,Y,2025-02-24,2025-04-12,Single Day Entry,8,False,Australia,2025-02,2025-04,47
Campbelltown,NSW,2560,AU,N,2025-02-24,2025-04-16,Single Day Entry,1,False,Australia,2025-02,2025-04,51
Kurri Kurri,NSW,2327,AU,Y,2025-02-24,2025-04-17,Single Day Entry,1,False,Australia,2025-02,2025-04,52
Kurri Kurri,NSW,2327,AU,Y,2025-02-24,2025-04-17,Single Day Entry,1,False,Australia,2025-02,2025-04,52
nan,,,,N,2025-02-24,2025-04-11,Single Day Entry,1,True,International,2025-02,2025-04,46
Five Dock,NSW,2046,AU,Y,2025-02-24,2025-04-22,Single Day Entry,1,False,Australia,2025-02,2025-04,57
North Bondi,NSW,2026,AU,N,2025-02-24,2025-04-12,Single Day Entry,5,False,Australia,2025-02,2025-04,47
Forestville,NSW,2087,AU,Y,2025-02-24,2025-04-17,Single Day Entry,1,False,Australia,2025-02,2025-04,52
Wollongong,NSW,2500,AU,Y,2025-02-24,2025-04-16,Single Day Entry,1,False,Australia,2025-02,2025-04,51
Wollongong,NSW,2500,AU,Y,2025-02-24,2025-04-16,Single Day Entry,1,False,Australia,2025-02,2025-04,51
Wollongong,NSW,2500,AU,Y,2025-02-24,2025-04-16,Single Day Entry,1,False,Australia,2025-02,2025-04,51
Ryde,NSW,2112,AU,N,2025-02-24,2025-04-18,Reserved Seating,2,False,Australia,2025-02,2025-04,53
Ryde,NSW,2112,AU,N,2025-02-24,2025-04-18,Reserved Seating,1,False,Australia,2025-02,2025-04,53
Lindfield,NSW,2070,AU,Y,2025-02-24,2025-04-17,Single Day Entry,2,False,Australia,2025-02,2025-04,52
Beaumont Hills,NSW,2155,AU,N,2025-02-24,2025-04-22,Single Day Entry,2,False,Australia,2025-02,2025-04,57
Beaumont Hills,NSW,2155,AU,N,2025-02-24,2025-04-22,Single Day Entry,1,False,Australia,2025-02,2025-04,57
Asquith,NSW,2077,AU,Y,2025-02-24,2025-04-17,Single Day Entry,1,False,Australia,2025-02,2025-04,52
Asquith,NSW,2077,AU,Y,2025-02-24,2025-04-17,Single Day Entry,4,False,Australia,2025-02,2025-04,52
Sydney,NSW,2110,AU,Y,2025-02-24,2025-04-17,Single Day Entry,1,False,Australia,2025-02,2025-04,52
Sydney,NSW,2110,AU,Y,2025-02-24,2025-04-17,Single Day Entry,2,False,Australia,2025-02,2025-04,52
Grafton,NSW,2460,AU,N,2025-02-24,2025-04-18,Reserved Seating,3,False,Australia,2025-02,2025-04,53
Blacktown,NSW,2770,AU,Y,2025-02-24,2025-04-20,After 4pm Entry,4,False,Australia,2025-02,2025-04,55
nan,,,,N,2025-02-24,2025-04-15,After 4pm Entry,1,True,International,2025-02,2025-04,50
Glenmore Park,NSW,2745,AU,N,2025-02-24,2025-04-12,Single Day Entry,1,False,Australia,2025-02,2025-04,47
Glenmore Park,NSW,2745,AU,N,2025-02-24,2025-04-12,Single Day Entry,1,False,Australia,2025-02,2025-04,47
Marrickville,NSW,2204,AU,N,2025-02-24,2025-04-22,Single Day Entry,2,False,Australia,2025-02,2025-04,57
nan,,,,N,2025-02-24,2025-04-17,Single Day Entry,80,True,International,2025-02,2025-04,52
Erskine Park,NSW,2759,AU,Y,2025-02-24,2025-04-18,Reserved Seating,2,False,Australia,2025-02,2025-04,53
Blair Athol,NSW,2560,AU,Y,2025-02-24,2025-04-16,After 4pm Entry,2,False,Australia,2025-02,2025-04,51
Waratah,NSW,2298,AU,N,2025-02-24,2025-04-16,Single Day Entry,1,False,Australia,2025-02,2025-04,51
Waratah,NSW,2298,AU,N,2025-02-24,2025-04-16,Single Day Entry,2,False,Australia,2025-02,2025-04,51
Lithgow,NSW,2790,AU,Y,2025-02-24,2025-04-17,Single Day Entry,2,False,Australia,2025-02,2025-04,52
nan,,,,N,2025-02-24,2025-04-18,Reserved Seating,1,True,International,2025-02,2025-04,53
Blaxland,NSW,2774,AU,Y,2025-02-24,2025-04-12,Single Day Entry,2,False,Australia,2025-02,2025-04,47
Blakehurst,NSW,2221,AU,N,2025-02-24,2025-04-12,Single Day Entry,2,False,Australia,2025-02,2025-04,47
Ingleburn,NSW,2565,AU,Y,2025-02-24,2025-04-17,Reserved Seating,2,False,Australia,2025-02,2025-04,52
Castle Hill,NSW,2154,AU,Y,2025-02-24,2025-04-16,Single Day Entry,2,False,Australia,2025-02,2025-04,51
Castle Hill,NSW,2154,AU,Y,2025-02-24,2025-04-16,Single Day Entry,1,False,Australia,2025-02,2025-04,51
Castle Hill,NSW,2154,AU,Y,2025-02-24,2025-04-16,Single Day Entry,1,False,Australia,2025-02,2025-04,51
Petersham,NSW,2049,AU,N,2025-02-24,2025-04-12,Single Day Entry,1,False,Australia,2025-02,2025-04,47
Petersham,NSW,2049,AU,N,2025-02-24,2025-04-12,Single Day Entry,1,False,Australia,2025-02,2025-04,47
Melrose Park,NSW,2114,AU,Y,2025-02-24,2025-04-17,Single Day Entry,4,False,Australia,2025-02,2025-04,52
Bondi Junction,NSW,2022,AU,Y,2025-02-24,2025-04-14,After 4pm Entry,2,False,Australia,2025-02,2025-04,49
St Ives,NSW,2075,AU,N,2025-02-24,2025-04-16,Big Bush BBQ,4,False,Australia,2025-02,2025-04,51
St Ives,NSW,2075,AU,N,2025-02-24,2025-04-16,Single Day Entry,2,False,Australia,2025-02,2025-04,51
St Ives,NSW,2075,AU,N,2025-02-24,2025-04-16,Single Day Entry,2,False,Australia,2025-02,2025-04,51
Mitchell,ACT,2911,AU,Y,2025-02-24,2025-04-12,Single Day Entry,2,False,Australia,2025-02,2025-04,47
Murrays Beach,NSW,2281,AU,Y,2025-02-24,2025-04-12,Single Day Entry,4,False,Australia,2025-02,2025-04,47
Parramatta,NSW,2150,AU,Y,2025-02-24,2025-04-13,Bianco - The Viewing,2,False,Australia,2025-02,2025-04,48
Woolooware,NSW,2230,AU,Y,2025-02-24,2025-04-12,Single Day Entry,2,False,Australia,2025-02,2025-04,47
St Clair,NSW,2759,AU,Y,2025-02-25,2025-04-17,Single Day Entry,3,False,Australia,2025-02,2025-04,51
Bondi Junction,NSW,2022,AU,N,2025-02-26,2025-04-17,Reserved Seating,4,False,Australia,2025-02,2025-04,50
Ingleburn,NSW,2565,AU,Y,2025-02-27,2025-04-18,Dino Adventures,4,False,Australia,2025-02,2025-04,50
Ingleburn,NSW,2565,AU,Y,2025-02-28,2025-04-18,Reserved Seating,2,False,Australia,2025-02,2025-04,49
Ingleburn,NSW,2565,AU,Y,2025-03-01,2025-04-18,Reserved Seating,4,False,Australia,2025-03,2025-04,48
Ingleburn,NSW,2565,AU,Y,2025-03-02,2025-04-23,Give & Gather Bag,1,False,Australia,2025-03,2025-04,52
Buff Point,NSW,2262,AU,Y,2025-03-03,2025-04-16,Single Day Entry,1,False,Australia,2025-03,2025-04,44
Buff Point,NSW,2262,AU,Y,2025-03-04,2025-04-16,Single Day Entry,1,False,Australia,2025-03,2025-04,43
Carlton,NSW,2218,AU,N,2025-03-05,2025-04-16,Single Day Entry,2,False,Australia,2025-03,2025-04,42
Mayfield,NSW,2304,AU,Y,2025-03-06,2025-04-12,Single Day Entry,3,False,Australia,2025-03,2025-04,37
Mayfield,NSW,2304,AU,Y,2025-03-07,2025-04-12,Single Day Entry,1,False,Australia,2025-03,2025-04,36
Pelaw Main,NSW,2327,AU,N,2025-03-08,2025-04-12,Single Day Entry,2,False,Australia,2025-03,2025-04,35
Magenta,NSW,2261,AU,Y,2025-03-09,2025-04-12,Single Day Entry,1,False,Australia,2025-03,2025-04,34
Magenta,NSW,2261,AU,Y,2025-02-24,2025-04-12,Single Day Entry,1,False,Australia,2025-02,2025-04,47
Magenta,NSW,2261,AU,Y,2025-02-24,2025-04-12,Single Day Entry,2,False,Australia,2025-02,2025-04,47
Macquarie Fields,NSW,2564,AU,N,2025-02-24,2025-04-12,Single Day Entry,4,False,Australia,2025-02,2025-04,47
Randwick,NSW,2031,AU,N,2025-02-24,2025-04-12,Single Day Entry,2,False,Australia,2025-02,2025-04,47
Buttai,NSW,2323,AU,Y,2025-02-24,2025-04-16,Single Day Entry,4,False,Australia,2025-02,2025-04,51
Merrylands,NSW,2160,AU,N,2025-02-24,2025-04-22,Single Day Entry,1,False,Australia,2025-02,2025-04,57
Merrylands,NSW,2160,AU,N,2025-02-24,2025-04-22,Single Day Entry,3,False,Australia,2025-02,2025-04,57
Park Grove,TAS,7320,AU,Y,2025-02-24,2025-04-16,Reserved Seating,4,False,Australia,2025-02,2025-04,51
Park Grove,TAS,7320,AU,Y,2025-02-24,2025-04-23,Give & Gather Bag,1,False,Australia,2025-02,2025-04,58
Marsfield,NSW,2122,AU,Y,2025-02-24,2025-04-17,Reserved Seating,1,False,Australia,2025-02,2025-04,52
Marsfield,NSW,2122,AU,Y,2025-03-09,2025-04-17,Reserved Seating,2,False,Australia,2025-03,2025-04,39
Marsfield,NSW,2122,AU,Y,2025-03-09,2025-04-17,Reserved Seating,12,False,Australia,2025-03,2025-04,39
Tregear,NSW,2770,AU,Y,2025-03-09,2025-04-12,Single Day Entry,1,False,Australia,2025-03,2025-04,34
Tregear,NSW,2770,AU,Y,2025-03-09,2025-04-12,Single Day Entry,1,False,Australia,2025-03,2025-04,34
Tregear,NSW,2770,AU,Y,2025-03-09,2025-04-12,Single Day Entry,3,False,Australia,2025-03,2025-04,34
Dapto,NSW,2530,AU,Y,2025-03-09,2025-04-12,Single Day Entry,1,False,Australia,2025-03,2025-04,34
Dapto,NSW,2530,AU,Y,2025-03-09,2025-04-12,Single Day Entry,1,False,Australia,2025-03,2025-04,34
Seven Hills,NSW,2147,AU,Y,2025-02-24,2025-04-12,Single Day Entry,1,False,Australia,2025-02,2025-04,47
Seven Hills,NSW,2147,AU,Y,2025-02-24,2025-04-12,Single Day Entry,1,False,Australia,2025-02,2025-04,47
Seven Hills,NSW,2147,AU,Y,2025-02-24,2025-04-12,Single Day Entry,1,False,Australia,2025-02,2025-04,47
Hornsby,NSW,2077,AU,Y,2025-02-24,2025-04-20,After 4pm Entry,2,False,Australia,2025-02,2025-04,55
Gillieston Heights,NSW,2321,AU,Y,2025-02-24,2025-04-12,Single Day Entry,1,False,Australia,2025-02,2025-04,47
Gillieston Heights,NSW,2321,AU,Y,2025-02-24,2025-04-12,Single Day Entry,4,False,Australia,2025-02,2025-04,47
Bligh Park,NSW,2756,AU,Y,2025-02-24,2025-04-17,Single Day Entry,4,False,Australia,2025-02,2025-04,52
Swanbourne,WA,6010,AU,N,2025-02-24,2025-04-22,Single Day Entry,4,False,Australia,2025-02,2025-04,57
Rydalmere,NSW,2116,AU,N,2025-02-24,2025-04-16,Single Day Entry,4,False,Australia,2025-02,2025-04,51
Rydalmere,NSW,2116,AU,N,2025-02-24,2025-04-16,Single Day Entry,1,False,Australia,2025-02,2025-04,51
Portland,NSW,2847,AU,Y,2025-02-24,2025-04-12,Single Day Entry,4,False,Australia,2025-02,2025-04,47
Ryde,NSW,2112,AU,N,2025-02-24,2025-04-12,Dino Adventures,3,False,Australia,2025-02,2025-04,47
Ryde,NSW,2112,AU,N,2025-02-24,2025-04-12,Single Day Entry,2,False,Australia,2025-02,2025-04,47
Ryde,NSW,2112,AU,N,2025-02-24,2025-04-12,Single Day Entry,1,False,Australia,2025-02,2025-04,47
Tregear,NSW,2770,AU,Y,2025-02-24,2025-04-12,Single Day Entry,1,False,Australia,2025-02,2025-04,47
Kurmond,NSW,2757,AU,Y,2025-02-24,2025-04-17,Single Day Entry,1,False,Australia,2025-02,2025-04,52
Hinchinbrook,NSW,2168,AU,Y,2025-03-09,2025-04-12,Single Day Entry,2,False,Australia,2025-03,2025-04,34
Turrella,NSW,2205,AU,Y,2025-03-09,2025-04-17,Single Day Entry,1,False,Australia,2025-03,2025-04,39
Hong Kong,,0,HK,N,2025-03-09,2025-04-17,Dino Adventures,3,True,International,2025-03,2025-04,39
Hong Kong,,0,HK,N,2025-03-09,2025-04-17,Reserved Seating,4,True,International,2025-03,2025-04,39
Peakhurst,NSW,2210,AU,N,2025-03-09,2025-04-12,Single Day Entry,2,False,Australia,2025-03,2025-04,34
Roselands,NSW,2196,AU,Y,2025-03-09,2025-04-17,Single Day Entry,2,False,Australia,2025-03,2025-04,39
Elanora Heights,NSW,2101,AU,N,2025-02-24,2025-04-17,Single Day Entry,4,False,Australia,2025-02,2025-04,52
Fairfield West,NSW,2165,AU,Y,2025-02-24,2025-04-12,Single Day Entry,2,False,Australia,2025-02,2025-04,47
Ettalong Beach,NSW,2257,AU,Y,2025-02-27,2025-04-12,Single Day Entry,2,False,Australia,2025-02,2025-04,44
Ettalong Beach,NSW,2257,AU,Y,2025-02-27,2025-04-12,Single Day Entry,4,False,Australia,2025-02,2025-04,44
Lethbridge Park,NSW,2770,AU,Y,2025-02-27,2025-04-20,After 4pm Entry,1,False,Australia,2025-02,2025-04,52
Lethbridge Park,NSW,2770,AU,Y,2025-02-27,2025-04-20,After 4pm Entry,3,False,Australia,2025-02,2025-04,52
Lethbridge Park,NSW,2770,AU,Y,2025-02-27,2025-04-20,After 4pm Entry,1,False,Australia,2025-02,2025-04,52
Lugarno,NSW,2210,AU,N,2025-02-27,2025-04-17,Reserved Seating,1,False,Australia,2025-02,2025-04,49
Lugarno,NSW,2210,AU,N,2025-02-27,2025-04-17,Reserved Seating,1,False,Australia,2025-02,2025-04,49
Holsworthy,NSW,2173,AU,Y,2025-02-24,2025-04-17,Dino Adventures,2,False,Australia,2025-02,2025-04,52
Holsworthy,NSW,2173,AU,Y,2025-02-24,2025-04-17,Single Day Entry,2,False,Australia,2025-02,2025-04,52
Drummoyne,NSW,2047,AU,Y,2025-02-24,2025-04-16,Single Day Entry,1,False,Australia,2025-02,2025-04,51
Drummoyne,NSW,2047,AU,Y,2025-02-24,2025-04-16,Single Day Entry,2,False,Australia,2025-02,2025-04,51
Botany,NSW,2019,AU,Y,2025-02-24,2025-04-18,Reserved Seating,2,False,Australia,2025-02,2025-04,53
Kelso,NSW,2795,AU,Y,2025-02-24,2025-04-12,Single Day Entry,2,False,Australia,2025-02,2025-04,47
Kelso,NSW,2795,AU,Y,2025-02-24,2025-04-12,Single Day Entry,1,False,Australia,2025-02,2025-04,47
Budgewoi,NSW,2262,AU,N,2025-02-24,2025-04-17,Single Day Entry,3,False,Australia,2025-02,2025-04,52
Tahmoor,NSW,2573,AU,N,2025-02-24,2025-04-12,Single Day Entry,4,False,Australia,2025-02,2025-04,47
Coogee,NSW,2034,AU,Y,2025-02-24,2025-04-16,Single Day Entry,2,False,Australia,2025-02,2025-04,51
Loftus,NSW,2232,AU,N,2025-02-24,2025-04-16,Single Day Entry,2,False,Australia,2025-02,2025-04,51
Loftus,NSW,2232,AU,N,2025-02-24,2025-04-16,Single Day Entry,1,False,Australia,2025-02,2025-04,51
Banksia Beach,QLD,4507,AU,Y,2025-02-24,2025-04-12,Single Day Entry,2,False,Australia,2025-02,2025-04,47
Banksia Beach,QLD,4507,AU,Y,2025-02-24,2025-04-12,Single Day Entry,1,False,Australia,2025-02,2025-04,47
Kooringal,NSW,2650,AU,Y,2025-02-24,2025-04-12,Big Bush BBQ,4,False,Australia,2025-02,2025-04,47
Kooringal,NSW,2650,AU,Y,2025-02-24,2025-04-12,Dino Adventures,1,False,Australia,2025-02,2025-04,47
Kooringal,NSW,2650,AU,Y,2025-02-24,2025-04-12,Single Day Entry,1,False,Australia,2025-02,2025-04,47
Kooringal,NSW,2650,AU,Y,2025-02-24,2025-04-12,Single Day Entry,1,False,Australia,2025-02,2025-04,47
Balgownie,NSW,2519,AU,N,2025-02-24,2025-04-12,Single Day Entry,1,False,Australia,2025-02,2025-04,47
Balgownie,NSW,2519,AU,N,2025-02-24,2025-04-12,Single Day Entry,1,False,Australia,2025-02,2025-04,47
Bondi Junction,NSW,2022,AU,N,2025-02-24,2025-04-15,After 4pm Entry,2,False,Australia,2025-02,2025-04,50
Bateau Bay,NSW,2261,AU,Y,2025-02-24,2025-04-15,Reserved Seating,2,False,Australia,2025-02,2025-04,50
Bateau Bay,NSW,2261,AU,Y,2025-02-24,2025-04-15,Reserved Seating,4,False,Australia,2025-02,2025-04,50
Avondale,NSW,2530,AU,Y,2025-02-24,2025-04-12,Single Day Entry,4,False,Australia,2025-02,2025-04,47
Avondale,NSW,2530,AU,Y,2025-02-24,2025-04-12,Single Day Entry,1,False,Australia,2025-02,2025-04,47
Harrington Park,NSW,2567,AU,Y,2025-02-24,2025-04-22,Single Day Entry,4,False,Australia,2025-02,2025-04,57
Heathcote,NSW,2233,AU,N,2025-02-24,2025-04-12,Single Day Entry,2,False,Australia,2025-02,2025-04,47
Mount Lewis,NSW,2190,AU,Y,2025-02-24,2025-04-18,After 4pm Entry,2,False,Australia,2025-02,2025-04,53
Mount Lewis,NSW,2190,AU,Y,2025-02-24,2025-04-18,After 4pm Entry,1,False,Australia,2025-02,2025-04,53
Summer Hill,NSW,2130,AU,Y,2025-02-24,2025-04-22,Single Day Entry,6,False,Australia,2025-02,2025-04,57
Summer Hill,NSW,2130,AU,Y,2025-02-24,2025-04-22,Single Day Entry,1,False,Australia,2025-02,2025-04,57
Luddenham,NSW,2745,AU,Y,2025-02-24,2025-04-17,After 4pm Entry,2,False,Australia,2025-02,2025-04,52
Bateau Bay,NSW,2261,AU,N,2025-02-24,2025-04-22,Single Day Entry,4,False,Australia,2025-02,2025-04,57
Denham Court,NSW,2565,AU,Y,2025-02-24,2025-04-12,Single Day Entry,1,False,Australia,2025-02,2025-04,47
Denham Court,NSW,2565,AU,Y,2025-02-24,2025-04-12,Single Day Entry,1,False,Australia,2025-02,2025-04,47
Greenfield Park,NSW,2176,AU,N,2025-02-24,2025-04-17,After 4pm Entry,2,False,Australia,2025-02,2025-04,52
Charlestown,NSW,2290,AU,N,2025-02-24,2025-04-12,Single Day Entry,2,False,Australia,2025-02,2025-04,47
Bexley,NSW,2207,AU,N,2025-02-24,2025-04-17,Single Day Entry,2,False,Australia,2025-02,2025-04,52
Kellyville,NSW,2155,AU,N,2025-02-24,2025-04-18,Reserved Seating,6,False,Australia,2025-02,2025-04,53
Kellyville,NSW,2155,AU,N,2025-02-24,2025-04-23,Donation,6,False,Australia,2025-02,2025-04,58
Beverly Hills,NSW,2209,AU,Y,2025-02-24,2025-04-12,Single Day Entry,2,False,Australia,2025-02,2025-04,47
Kensington,NSW,2033,AU,Y,2025-02-24,2025-04-14,After 4pm Entry,2,False,Australia,2025-02,2025-04,49
Kensington,NSW,2033,AU,Y,2025-02-24,2025-04-14,After 4pm Entry,1,False,Australia,2025-02,2025-04,49
Bexley,NSW,2207,AU,Y,2025-02-24,2025-04-22,Single Day Entry,1,False,Australia,2025-02,2025-04,57
Quakers Hill,NSW,2763,AU,Y,2025-02-24,2025-04-18,Reserved Seating,1,False,Australia,2025-02,2025-04,53
Quakers Hill,NSW,2763,AU,Y,2025-02-24,2025-04-18,Reserved Seating,4,False,Australia,2025-02,2025-04,53
Willoughby,NSW,2068,AU,Y,2025-02-24,2025-04-17,Single Day Entry,4,False,Australia,2025-02,2025-04,52
Kingsford,NSW,2032,AU,Y,2025-02-24,2025-04-16,Single Day Entry,2,False,Australia,2025-02,2025-04,51
Dural,NSW,2158,AU,N,2025-02-24,2025-04-22,Single Day Entry,4,False,Australia,2025-02,2025-04,57
Springfield,NSW,2250,AU,Y,2025-02-24,2025-04-12,Single Day Entry,1,False,Australia,2025-02,2025-04,47
Rhodes,NSW,2138,AU,N,2025-02-24,2025-04-12,Single Day Entry,4,False,Australia,2025-02,2025-04,47
Rhodes,NSW,2138,AU,N,2025-02-24,2025-04-12,Single Day Entry,1,False,Australia,2025-02,2025-04,47
Northmead,NSW,2152,AU,Y,2025-02-24,2025-04-17,Single Day Entry,2,False,Australia,2025-02,2025-04,52
Gillieston Heights,NSW,2321,AU,Y,2025-02-24,2025-04-12,Single Day Entry,2,False,Australia,2025-02,2025-04,47
Engadine,NSW,2233,AU,N,2025-02-24,2025-04-12,Single Day Entry,2,False,Australia,2025-02,2025-04,47
Engadine,NSW,2233,AU,N,2025-02-24,2025-04-12,Single Day Entry,1,False,Australia,2025-02,2025-04,47
Chatswood,NSW,2067,AU,Y,2025-02-24,2025-04-19,After 4pm Entry,2,False,Australia,2025-02,2025-04,54
Chatswood,NSW,2067,AU,Y,2025-02-24,2025-04-19,After 4pm Entry,1,False,Australia,2025-02,2025-04,54
Chatswood,NSW,2067,AU,Y,2025-02-24,2025-04-19,After 4pm Entry,3,False,Australia,2025-02,2025-04,54
Eschol Park,NSW,2558,AU,Y,2025-02-24,2025-04-12,Single Day Entry,4,False,Australia,2025-02,2025-04,47
St Georges Basin,NSW,2540,AU,N,2025-02-24,2025-04-12,Single Day Entry,5,False,Australia,2025-02,2025-04,47
Leppington,NSW,2179,AU,Y,2025-02-24,2025-04-12,Single Day Entry,2,False,Australia,2025-02,2025-04,47
Lismore,NSW,2480,AU,Y,2025-02-24,2025-04-15,Reserved Seating,2,False,Australia,2025-02,2025-04,50
Colo Vale,NSW,2575,AU,Y,2025-02-24,2025-04-12,Single Day Entry,2,False,Australia,2025-02,2025-04,47
Elizabeth Hills,NSW,2171,AU,Y,2025-02-24,2025-04-17,Single Day Entry,3,False,Australia,2025-02,2025-04,52
St Ives Chase,NSW,2075,AU,N,2025-02-24,2025-04-12,Single Day Entry,4,False,Australia,2025-02,2025-04,47
Pimpama,QLD,4209,AU,Y,2025-02-24,2025-04-22,Single Day Entry,1,False,Australia,2025-02,2025-04,57
Pimpama,QLD,4209,AU,Y,2025-02-24,2025-04-22,Single Day Entry,1,False,Australia,2025-02,2025-04,57
The Ponds,NSW,2769,AU,N,2025-02-24,2025-04-12,Single Day Entry,1,False,Australia,2025-02,2025-04,47
The Ponds,NSW,2769,AU,N,2025-02-24,2025-04-12,Single Day Entry,1,False,Australia,2025-02,2025-04,47
Beverly Hills,NSW,2209,AU,N,2025-02-24,2025-04-17,Single Day Entry,1,False,Australia,2025-02,2025-04,52
Beverly Hills,NSW,2209,AU,N,2025-02-24,2025-04-17,Single Day Entry,4,False,Australia,2025-02,2025-04,52
Airds,NSW,2560,AU,Y,2025-02-24,2025-04-12,Single Day Entry,1,False,Australia,2025-02,2025-04,47
Airds,NSW,2560,AU,Y,2025-02-24,2025-04-12,Single Day Entry,1,False,Australia,2025-02,2025-04,47
Airds,NSW,2560,AU,Y,2025-02-24,2025-04-12,Single Day Entry,1,False,Australia,2025-02,2025-04,47
Parramatta,NSW,2150,AU,Y,2025-02-24,2025-04-19,After 4pm Entry,8,False,Australia,2025-02,2025-04,54
Lilyfield,NSW,2040,AU,Y,2025-02-24,2025-04-23,Give & Gather Bag,1,False,Australia,2025-02,2025-04,58
Lilyfield,NSW,2040,AU,Y,2025-02-24,2025-04-12,Dino Adventures,3,False,Australia,2025-02,2025-04,47
Lilyfield,NSW,2040,AU,Y,2025-02-24,2025-04-12,Single Day Entry,2,False,Australia,2025-02,2025-04,47
Lilyfield,NSW,2040,AU,Y,2025-02-24,2025-04-12,Single Day Entry,1,False,Australia,2025-02,2025-04,47
Beaumont Hills,NSW,2155,AU,Y,2025-02-24,2025-04-16,Single Day Entry,4,False,Australia,2025-02,2025-04,51
Baulkham Hills,NSW,2153,AU,Y,2025-02-24,2025-04-17,Single Day Entry,4,False,Australia,2025-02,2025-04,52
nan,,,,N,2025-02-24,2025-04-18,Reserved Seating,2,True,International,2025-02,2025-04,53
Nowra,NSW,2541,AU,N,2025-02-24,2025-04-12,Single Day Entry,1,False,Australia,2025-02,2025-04,47
Nowra,NSW,2541,AU,N,2025-02-24,2025-04-12,Single Day Entry,1,False,Australia,2025-02,2025-04,47
Nowra,NSW,2541,AU,N,2025-02-24,2025-04-12,Single Day Entry,1,False,Australia,2025-02,2025-04,47
Galston,NSW,2159,AU,N,2025-02-24,2025-04-17,Single Day Entry,1,False,Australia,2025-02,2025-04,52
Cranbourne,VIC,3977,AU,N,2025-02-24,2025-04-12,Single Day Entry,1,False,Australia,2025-02,2025-04,47
Earlwood,NSW,2206,AU,N,2025-02-24,2025-04-22,Single Day Entry,1,False,Australia,2025-02,2025-04,57
nan,,,,N,2025-02-24,2025-04-12,Single Day Entry,1,True,International,2025-02,2025-04,47
Dharruk,NSW,2770,AU,N,2025-02-24,2025-04-17,Single Day Entry,2,False,Australia,2025-02,2025-04,52
nan,,,,N,2025-02-24,2025-04-15,Reserved Seating,4,True,International,2025-02,2025-04,50
Macleod,VIC,3085,AU,N,2025-02-24,2025-04-18,Reserved Seating,1,False,Australia,2025-02,2025-04,53
Macleod,VIC,3085,AU,N,2025-02-24,2025-04-18,Reserved Seating,2,False,Australia,2025-02,2025-04,53
Thornleigh,NSW,2120,AU,N,2025-02-24,2025-04-23,Give & Gather Bag,1,False,Australia,2025-02,2025-04,58
Thornleigh,NSW,2120,AU,N,2025-02-24,2025-04-12,Single Day Entry,2,False,Australia,2025-02,2025-04,47
Thornleigh,NSW,2120,AU,N,2025-02-24,2025-04-12,Single Day Entry,1,False,Australia,2025-02,2025-04,47
Lakehaven,NSW,2263,AU,Y,2025-02-24,2025-04-17,Single Day Entry,2,False,Australia,2025-02,2025-04,52
Malabar,NSW,2036,AU,N,2025-02-24,2025-04-19,After 4pm Entry,1,False,Australia,2025-02,2025-04,54
Malabar,NSW,2036,AU,N,2025-02-24,2025-04-19,After 4pm Entry,1,False,Australia,2025-02,2025-04,54
Maryland,NSW,2287,AU,N,2025-02-24,2025-04-17,Single Day Entry,1,False,Australia,2025-02,2025-04,52
Maryland,NSW,2287,AU,N,2025-02-24,2025-04-17,Single Day Entry,1,False,Australia,2025-02,2025-04,52
Erskineville,NSW,2043,AU,N,2025-02-24,2025-04-12,Dino Adventures,2,False,Australia,2025-02,2025-04,47
Erskineville,NSW,2043,AU,N,2025-02-24,2025-04-12,Single Day Entry,4,False,Australia,2025-02,2025-04,47
Mona Vale,NSW,2103,AU,N,2025-02-24,2025-04-12,Single Day Entry,2,False,Australia,2025-02,2025-04,47
Penrith,NSW,2750,AU,N,2025-02-24,2025-04-12,Single Day Entry,2,False,Australia,2025-02,2025-04,47
Austral,NSW,2179,AU,Y,2025-02-24,2025-04-16,Single Day Entry,1,False,Australia,2025-02,2025-04,51
Epping,NSW,2121,AU,N,2025-02-24,2025-04-12,Single Day Entry,2,False,Australia,2025-02,2025-04,47
Weston,ACT,2611,AU,Y,2025-02-24,2025-04-12,Single Day Entry,4,False,Australia,2025-02,2025-04,47
Bradbury,NSW,2560,AU,Y,2025-02-24,2025-04-16,Reserved Seating,4,False,Australia,2025-02,2025-04,51
Kellyville,NSW,2155,AU,N,2025-02-24,2025-04-12,Single Day Entry,4,False,Australia,2025-02,2025-04,47
Cherrybrook,NSW,2126,AU,Y,2025-02-24,2025-04-12,Single Day Entry,1,False,Australia,2025-02,2025-04,47
Gordon,NSW,2072,AU,N,2025-02-24,2025-04-16,After 4pm Entry,2,False,Australia,2025-02,2025-04,51
Riverwood,NSW,2220,AU,Y,2025-02-24,2025-04-12,Big Bush BBQ,2,False,Australia,2025-02,2025-04,47
Riverwood,NSW,2220,AU,Y,2025-02-24,2025-04-12,Bianco - The Viewing,2,False,Australia,2025-02,2025-04,47
Riverwood,NSW,2220,AU,Y,2025-02-24,2025-04-12,Single Day Entry,2,False,Australia,2025-02,2025-04,47
Concord West,NSW,2138,AU,N,2025-02-24,2025-04-14,After 4pm Entry,2,False,Australia,2025-02,2025-04,49
Concord West,NSW,2138,AU,N,2025-02-24,2025-04-14,After 4pm Entry,4,False,Australia,2025-02,2025-04,49
Cronulla,NSW,2230,AU,Y,2025-02-24,2025-04-18,Reserved Seating,2,False,Australia,2025-02,2025-04,53
Kings Park,NSW,2148,AU,Y,2025-02-24,2025-04-12,Single Day Entry,4,False,Australia,2025-02,2025-04,47
Maroubra,NSW,2035,AU,Y,2025-02-24,2025-04-12,Single Day Entry,1,False,Australia,2025-02,2025-04,47
Maroubra,NSW,2035,AU,Y,2025-02-24,2025-04-12,Single Day Entry,2,False,Australia,2025-02,2025-04,47
Avalon Beach,NSW,2107,AU,N,2025-02-24,2025-04-14,After 4pm Entry,1,False,Australia,2025-02,2025-04,49
Avalon Beach,NSW,2107,AU,N,2025-02-24,2025-04-14,After 4pm Entry,2,False,Australia,2025-02,2025-04,49
Mount Morgan,QLD,4714,AU,N,2025-02-24,2025-04-18,Reserved Seating,3,False,Australia,2025-02,2025-04,53
Mount Morgan,QLD,4714,AU,N,2025-02-24,2025-04-23,Donation,1,False,Australia,2025-02,2025-04,58
Surry Hills,NSW,2010,AU,N,2025-02-24,2025-04-12,Single Day Entry,2,False,Australia,2025-02,2025-04,47
East Ryde,NSW,2113,AU,N,2025-02-24,2025-04-17,Dino Adventures,4,False,Australia,2025-02,2025-04,52
East Ryde,NSW,2113,AU,N,2025-02-24,2025-04-17,Reserved Seating,4,False,Australia,2025-02,2025-04,52
nan,,,,N,2025-02-24,2025-04-18,Single Day Entry,1,True,International,2025-02,2025-04,53
Marrickville,NSW,2204,AU,Y,2025-02-24,2025-04-16,Single Day Entry,1,False,Australia,2025-02,2025-04,51
nan,,,,N,2025-02-24,2025-04-12,Single Day Entry,3,True,International,2025-02,2025-04,47
nan,,,,N,2025-02-24,2025-04-12,Single Day Entry,1,True,International,2025-02,2025-04,47
Gosford,NSW,2250,AU,Y,2025-02-24,2025-04-22,Single Day Entry,4,False,Australia,2025-02,2025-04,57
Umina Beach,NSW,2257,AU,N,2025-02-24,2025-04-16,Reserved Seating,2,False,Australia,2025-02,2025-04,51
Umina Beach,NSW,2257,AU,N,2025-02-24,2025-04-16,Reserved Seating,1,False,Australia,2025-02,2025-04,51
Lakehaven,NSW,2263,AU,Y,2025-02-24,2025-04-16,Reserved Seating,1,False,Australia,2025-02,2025-04,51
Lakehaven,NSW,2263,AU,Y,2025-02-24,2025-04-16,Reserved Seating,1,False,Australia,2025-02,2025-04,51
Petersham (Nsw),NSW,2049,AU,N,2025-02-24,2025-04-17,Single Day Entry,1,False,Australia,2025-02,2025-04,52
Petersham (Nsw),NSW,2049,AU,N,2025-02-24,2025-04-17,Single Day Entry,1,False,Australia,2025-02,2025-04,52
Spring Farm,NSW,2570,AU,N,2025-02-24,2025-04-22,Single Day Entry,2,False,Australia,2025-02,2025-04,57
Spring Farm,NSW,2570,AU,N,2025-02-24,2025-04-22,Single Day Entry,1,False,Australia,2025-02,2025-04,57
Macquarie Park,NSW,2113,AU,Y,2025-02-25,2025-04-12,Single Day Entry,1,False,Australia,2025-02,2025-04,46
Macquarie Park,NSW,2113,AU,Y,2025-02-26,2025-04-12,Single Day Entry,2,False,Australia,2025-02,2025-04,45
Schofields,NSW,2762,AU,Y,2025-02-27,2025-04-12,Dino Adventures,4,False,Australia,2025-02,2025-04,44
Schofields,NSW,2762,AU,Y,2025-02-28,2025-04-12,Single Day Entry,4,False,Australia,2025-02,2025-04,43
Leppington,NSW,2179,AU,Y,2025-03-01,2025-04-18,Reserved Seating,2,False,Australia,2025-03,2025-04,48
Baulkham Hills,NSW,2153,AU,Y,2025-03-02,2025-04-12,Single Day Entry,2,False,Australia,2025-03,2025-04,41
Baulkham Hills,NSW,2153,AU,Y,2025-03-03,2025-04-12,Single Day Entry,1,False,Australia,2025-03,2025-04,40
Lake Cathie,NSW,2445,AU,Y,2025-03-04,2025-04-16,Single Day Entry,2,False,Australia,2025-03,2025-04,43
Cessnock,NSW,2325,AU,N,2025-03-05,2025-04-12,Single Day Entry,2,False,Australia,2025-03,2025-04,38
Brighton-Le-Sands,NSW,2216,AU,N,2025-03-06,2025-04-16,Single Day Entry,1,False,Australia,2025-03,2025-04,41
Bateau Bay,NSW,2261,AU,Y,2025-03-07,2025-04-16,Dino Adventures,4,False,Australia,2025-03,2025-04,40
Bateau Bay,NSW,2261,AU,Y,2025-03-08,2025-04-16,Single Day Entry,4,False,Australia,2025-03,2025-04,39
Leura,NSW,2780,AU,N,2025-03-09,2025-04-17,Reserved Seating,2,False,Australia,2025-03,2025-04,39
Leura,NSW,2780,AU,N,2025-02-24,2025-04-23,Give & Gather Bag,1,False,Australia,2025-02,2025-04,58
nan,,,,N,2025-02-24,2025-04-16,Single Day Entry,1,True,International,2025-02,2025-04,51
Tahmoor,NSW,2573,AU,Y,2025-02-24,2025-04-17,Single Day Entry,3,False,Australia,2025-02,2025-04,52
Gillieston Heights,NSW,2321,AU,Y,2025-02-25,2025-04-22,Single Day Entry,4,False,Australia,2025-02,2025-04,56
Rooty Hill,NSW,2766,AU,Y,2025-02-26,2025-04-12,Single Day Entry,4,False,Australia,2025-02,2025-04,45
Killara,NSW,2071,AU,Y,2025-02-27,2025-04-12,Single Day Entry,2,False,Australia,2025-02,2025-04,44
St Clair,NSW,2759,AU,Y,2025-02-28,2025-04-18,Reserved Seating,2,False,Australia,2025-02,2025-04,49
nan,,,,N,2025-03-01,2025-04-16,Single Day Entry,1,True,International,2025-03,2025-04,46
nan,,,,N,2025-03-02,2025-04-16,Single Day Entry,1,True,International,2025-03,2025-04,45
Morisset,NSW,2264,AU,Y,2025-03-03,2025-04-11,Dino Adventures,1,False,Australia,2025-03,2025-04,39
Morisset,NSW,2264,AU,Y,2025-03-04,2025-04-11,Single Day Entry,1,False,Australia,2025-03,2025-04,38
Manly Vale,NSW,2093,AU,Y,2025-03-05,2025-04-11,Single Day Entry,1,False,Australia,2025-03,2025-04,37
Manly Vale,NSW,2093,AU,Y,2025-03-06,2025-04-11,Single Day Entry,2,False,Australia,2025-03,2025-04,36
Rooty Hill,NSW,2766,AU,Y,2025-03-07,2025-04-11,Single Day Entry,4,False,Australia,2025-03,2025-04,35
Rooty Hill,NSW,2766,AU,Y,2025-03-08,2025-04-11,Single Day Entry,4,False,Australia,2025-03,2025-04,34
Blue Haven,NSW,2262,AU,N,2025-03-09,2025-04-11,Single Day Entry,1,False,Australia,2025-03,2025-04,33
Leumeah,NSW,2560,AU,N,2025-03-10,2025-04-11,Single Day Entry,4,False,Australia,2025-03,2025-04,32
Dharruk,NSW,2770,AU,Y,2025-03-11,2025-04-11,Single Day Entry,4,False,Australia,2025-03,2025-04,31
Leichhardt,NSW,2040,AU,N,2025-03-12,2025-04-11,Single Day Entry,2,False,Australia,2025-03,2025-04,30
Nyngan,NSW,2825,AU,Y,2025-03-13,2025-04-11,Single Day Entry,1,False,Australia,2025-03,2025-04,29
Nyngan,NSW,2825,AU,Y,2025-03-14,2025-04-23,Give & Gather Bag,1,False,Australia,2025-03,2025-04,40
Gledswood Hills,NSW,2558,AU,Y,2025-03-15,2025-04-11,Single Day Entry,4,False,Australia,2025-03,2025-04,27
Oakdale,NSW,2570,AU,Y,2025-03-16,2025-04-11,Single Day Entry,4,False,Australia,2025-03,2025-04,26
Penrith,NSW,2759,AU,Y,2025-03-17,2025-04-11,Single Day Entry,1,False,Australia,2025-03,2025-04,25
Penrith,NSW,2759,AU,Y,2025-03-18,2025-04-11,Single Day Entry,2,False,Australia,2025-03,2025-04,24
Emu Heights,NSW,2750,AU,N,2025-02-24,2025-04-11,Single Day Entry,2,False,Australia,2025-02,2025-04,46
Gledswood Hills,NSW,2557,AU,Y,2025-02-24,2025-04-11,Single Day Entry,2,False,Australia,2025-02,2025-04,46
Gledswood Hills,NSW,2557,AU,Y,2025-02-24,2025-04-11,Single Day Entry,1,False,Australia,2025-02,2025-04,46
Wyongah,NSW,2259,AU,Y,2025-02-24,2025-04-11,Single Day Entry,2,False,Australia,2025-02,2025-04,46
Bateau Bay,NSW,2261,AU,N,2025-02-24,2025-04-11,Single Day Entry,1,False,Australia,2025-02,2025-04,46
Bensville,NSW,2251,AU,N,2025-02-24,2025-04-11,Single Day Entry,1,False,Australia,2025-02,2025-04,46
Springfield,NSW,2250,AU,Y,2025-02-24,2025-04-11,Single Day Entry,1,False,Australia,2025-02,2025-04,46
Panania,NSW,2213,AU,Y,2025-02-24,2025-04-11,Single Day Entry,2,False,Australia,2025-02,2025-04,46
Raby,NSW,2566,AU,N,2025-02-24,2025-04-11,Single Day Entry,4,False,Australia,2025-02,2025-04,46
Londonderry,NSW,2753,AU,N,2025-02-24,2025-04-11,Single Day Entry,2,False,Australia,2025-02,2025-04,46
Londonderry,NSW,2753,AU,N,2025-02-24,2025-04-11,Single Day Entry,1,False,Australia,2025-02,2025-04,46
Oakdale,NSW,2570,AU,Y,2025-02-24,2025-04-11,Dino Adventures,7,False,Australia,2025-02,2025-04,46
Oakdale,NSW,2570,AU,Y,2025-02-24,2025-04-11,Single Day Entry,4,False,Australia,2025-02,2025-04,46
Oakdale,NSW,2570,AU,Y,2025-02-24,2025-04-11,Single Day Entry,1,False,Australia,2025-02,2025-04,46
Oakdale,NSW,2570,AU,Y,2025-02-24,2025-04-11,Single Day Entry,1,False,Australia,2025-02,2025-04,46
Wyongah,NSW,2259,AU,Y,2025-02-24,2025-04-11,Dino Adventures,2,False,Australia,2025-02,2025-04,46
Wyongah,NSW,2259,AU,Y,2025-02-24,2025-04-11,Single Day Entry,1,False,Australia,2025-02,2025-04,46
Wyongah,NSW,2259,AU,Y,2025-02-24,2025-04-11,Single Day Entry,1,False,Australia,2025-02,2025-04,46
Emu Plains,NSW,2750,AU,Y,2025-02-24,2025-04-11,Single Day Entry,4,False,Australia,2025-02,2025-04,46
Doonside,NSW,2767,AU,Y,2025-02-24,2025-04-11,Single Day Entry,1,False,Australia,2025-02,2025-04,46
Doonside,NSW,2767,AU,Y,2025-02-24,2025-04-11,Single Day Entry,1,False,Australia,2025-02,2025-04,46
Oakdale,NSW,2570,AU,Y,2025-02-24,2025-04-11,Single Day Entry,1,False,Australia,2025-02,2025-04,46
Oakdale,NSW,2570,AU,Y,2025-02-24,2025-04-11,Single Day Entry,1,False,Australia,2025-02,2025-04,46
Cooma,NSW,2630,AU,N,2025-02-24,2025-04-11,Single Day Entry,2,False,Australia,2025-02,2025-04,46
Cooma,NSW,2630,AU,N,2025-02-25,2025-04-11,Single Day Entry,1,False,Australia,2025-02,2025-04,45
Lethbridge Park,NSW,2770,AU,Y,2025-02-24,2025-04-11,Single Day Entry,5,False,Australia,2025-02,2025-04,46
Campsie,NSW,2194,AU,Y,2025-02-25,2025-04-11,Single Day Entry,1,False,Australia,2025-02,2025-04,45
Woolooware,NSW,2230,AU,Y,2025-02-25,2025-04-11,Single Day Entry,2,False,Australia,2025-02,2025-04,45
Summer Hill,NSW,2130,AU,N,2025-02-25,2025-04-11,Single Day Entry,2,False,Australia,2025-02,2025-04,45
North Parramatta,NSW,2151,AU,Y,2025-02-25,2025-04-11,Single Day Entry,2,False,Australia,2025-02,2025-04,45
Berowra,NSW,2081,AU,N,2025-02-25,2025-04-11,Single Day Entry,1,False,Australia,2025-02,2025-04,45
Mayfield,NSW,2304,AU,Y,2025-02-24,2025-04-11,Single Day Entry,2,False,Australia,2025-02,2025-04,46
Mayfield,NSW,2304,AU,Y,2025-02-26,2025-04-11,Single Day Entry,1,False,Australia,2025-02,2025-04,44
Mayfield,NSW,2304,AU,Y,2025-02-26,2025-04-11,Single Day Entry,1,False,Australia,2025-02,2025-04,44
St Leonards,NSW,2065,AU,N,2025-02-26,2025-04-11,Single Day Entry,2,False,Australia,2025-02,2025-04,44
Laurieton,NSW,2443,AU,Y,2025-02-26,2025-04-11,Single Day Entry,1,False,Australia,2025-02,2025-04,44
Laurieton,NSW,2443,AU,Y,2025-02-26,2025-04-11,Single Day Entry,2,False,Australia,2025-02,2025-04,44
Laurieton,NSW,2443,AU,Y,2025-02-26,2025-04-23,Donation,1,False,Australia,2025-02,2025-04,56
Oran Park,NSW,2570,AU,Y,2025-02-26,2025-04-11,Single Day Entry,4,False,Australia,2025-02,2025-04,44
Oran Park,NSW,2570,AU,Y,2025-02-26,2025-04-11,Single Day Entry,1,False,Australia,2025-02,2025-04,44
Oran Park,NSW,2570,AU,Y,2025-02-24,2025-04-11,Single Day Entry,1,False,Australia,2025-02,2025-04,46
Lalor Park,NSW,2147,AU,Y,2025-02-24,2025-04-11,Single Day Entry,1,False,Australia,2025-02,2025-04,46
Panania,NSW,2213,AU,N,2025-02-24,2025-04-11,Single Day Entry,2,False,Australia,2025-02,2025-04,46
Panania,NSW,2213,AU,N,2025-02-24,2025-04-11,Single Day Entry,4,False,Australia,2025-02,2025-04,46
Arcadia,NSW,2159,AU,N,2025-02-24,2025-04-11,Single Day Entry,2,False,Australia,2025-02,2025-04,46
Raby,NSW,2560,AU,Y,2025-02-24,2025-04-11,Single Day Entry,4,False,Australia,2025-02,2025-04,46
Curl Curl,NSW,2096,AU,Y,2025-02-24,2025-04-11,Single Day Entry,1,False,Australia,2025-02,2025-04,46
Greenacre,NSW,2190,AU,N,2025-02-25,2025-04-11,Single Day Entry,2,False,Australia,2025-02,2025-04,45
Gymea,NSW,2227,AU,Y,2025-02-26,2025-04-11,Single Day Entry,1,False,Australia,2025-02,2025-04,44
Mount Warrigal,NSW,2528,AU,Y,2025-02-24,2025-04-11,Single Day Entry,2,False,Australia,2025-02,2025-04,46
Lake Cargelligo,NSW,2672,AU,N,2025-03-01,2025-04-11,Single Day Entry,2,False,Australia,2025-03,2025-04,41
St Clair,NSW,2759,AU,N,2025-03-01,2025-04-11,Single Day Entry,1,False,Australia,2025-03,2025-04,41
Leppington,NSW,2179,AU,N,2025-03-01,2025-04-11,Single Day Entry,1,False,Australia,2025-03,2025-04,41
Leppington,NSW,2179,AU,N,2025-03-01,2025-04-11,Single Day Entry,4,False,Australia,2025-03,2025-04,41
Sydney,NSW,2153,AU,Y,2025-03-01,2025-04-11,Single Day Entry,8,False,Australia,2025-03,2025-04,41
Wanniassa,ACT,2903,AU,Y,2025-03-01,2025-04-11,Single Day Entry,2,False,Australia,2025-03,2025-04,41
Barden Ridge,NSW,2234,AU,Y,2025-03-01,2025-04-11,Single Day Entry,4,False,Australia,2025-03,2025-04,41
Barden Ridge,NSW,2234,AU,Y,2025-03-01,2025-04-23,Donation,1,False,Australia,2025-03,2025-04,53
Warwick Farm,NSW,2170,AU,Y,2025-02-24,2025-04-11,Single Day Entry,1,False,Australia,2025-02,2025-04,46
Singleton,NSW,2330,AU,Y,2025-02-26,2025-04-11,Single Day Entry,1,False,Australia,2025-02,2025-04,44
Singleton,NSW,2330,AU,Y,2025-02-26,2025-04-11,Single Day Entry,1,False,Australia,2025-02,2025-04,44
Marsfield,NSW,2122,AU,N,2025-02-26,2025-04-11,Single Day Entry,2,False,Australia,2025-02,2025-04,44
Raby,NSW,2566,AU,Y,2025-02-26,2025-04-11,Single Day Entry,2,False,Australia,2025-02,2025-04,44
Raby,NSW,2566,AU,Y,2025-02-26,2025-04-11,Single Day Entry,4,False,Australia,2025-02,2025-04,44
Beacon Hill,NSW,2100,AU,Y,2025-02-26,2025-04-11,Single Day Entry,1,False,Australia,2025-02,2025-04,44
Beacon Hill,NSW,2100,AU,Y,2025-02-26,2025-04-11,Single Day Entry,1,False,Australia,2025-02,2025-04,44
Sydney,NSW,2131,AU,Y,2025-02-24,2025-04-11,Single Day Entry,1,False,Australia,2025-02,2025-04,46
Sydney,NSW,2131,AU,Y,2025-02-24,2025-04-11,Single Day Entry,1,False,Australia,2025-02,2025-04,46
Emu Plains,NSW,2750,AU,Y,2025-02-24,2025-04-11,Big Bush BBQ,3,False,Australia,2025-02,2025-04,46
Emu Plains,NSW,2750,AU,Y,2025-02-24,2025-04-11,Single Day Entry,2,False,Australia,2025-02,2025-04,46
Emu Plains,NSW,2750,AU,Y,2025-02-24,2025-04-11,Single Day Entry,1,False,Australia,2025-02,2025-04,46
Epping,NSW,1710,AU,N,2025-02-24,2025-04-11,Single Day Entry,2,False,Australia,2025-02,2025-04,46
Picnic Point,NSW,2213,AU,Y,2025-02-24,2025-04-11,Single Day Entry,2,False,Australia,2025-02,2025-04,46
Picnic Point,NSW,2213,AU,Y,2025-02-24,2025-04-11,Single Day Entry,1,False,Australia,2025-02,2025-04,46
Padstow,NSW,2211,AU,N,2025-02-24,2025-04-11,Single Day Entry,2,False,Australia,2025-02,2025-04,46
Padstow,NSW,2211,AU,N,2025-02-24,2025-04-11,Single Day Entry,2,False,Australia,2025-02,2025-04,46
Karuah,NSW,2324,AU,Y,2025-02-24,2025-04-11,Single Day Entry,3,False,Australia,2025-02,2025-04,46
Karuah,NSW,2324,AU,Y,2025-02-24,2025-04-11,Single Day Entry,1,False,Australia,2025-02,2025-04,46
Northwood,NSW,2066,AU,Y,2025-02-24,2025-04-11,Single Day Entry,1,False,Australia,2025-02,2025-04,46
Northwood,NSW,2066,AU,Y,2025-02-24,2025-04-11,Single Day Entry,2,False,Australia,2025-02,2025-04,46
Belfield,NSW,2191,AU,N,2025-02-24,2025-04-11,Single Day Entry,3,False,Australia,2025-02,2025-04,46
Belfield,NSW,2191,AU,N,2025-02-24,2025-04-11,Single Day Entry,1,False,Australia,2025-02,2025-04,46
Glenmore Park,NSW,2745,AU,N,2025-02-24,2025-04-11,Single Day Entry,1,False,Australia,2025-02,2025-04,46
Glenmore Park,NSW,2745,AU,N,2025-02-24,2025-04-11,Single Day Entry,1,False,Australia,2025-02,2025-04,46
Glenmore Park,NSW,2745,AU,N,2025-02-24,2025-04-11,Single Day Entry,1,False,Australia,2025-02,2025-04,46
Toongabbie,NSW,2146,AU,N,2025-02-24,2025-04-11,Single Day Entry,2,False,Australia,2025-02,2025-04,46
Lethbridge Park,NSW,2770,AU,Y,2025-02-24,2025-04-11,Single Day Entry,1,False,Australia,2025-02,2025-04,46
Woronora Heights,NSW,2233,AU,Y,2025-02-24,2025-04-11,Single Day Entry,1,False,Australia,2025-02,2025-04,46
Woronora Heights,NSW,2233,AU,Y,2025-02-24,2025-04-11,Single Day Entry,1,False,Australia,2025-02,2025-04,46
Tullimbar,NSW,2527,AU,Y,2025-02-24,2025-04-11,Single Day Entry,4,False,Australia,2025-02,2025-04,46
Drummoyne,NSW,2047,AU,Y,2025-02-24,2025-04-11,Single Day Entry,2,False,Australia,2025-02,2025-04,46
Drummoyne,NSW,2047,AU,Y,2025-02-24,2025-04-11,Single Day Entry,2,False,Australia,2025-02,2025-04,46
Ryde,NSW,2112,AU,N,2025-02-24,2025-04-11,Single Day Entry,3,False,Australia,2025-02,2025-04,46
Turramurra,NSW,2076,AU,Y,2025-02-24,2025-04-11,Single Day Entry,1,False,Australia,2025-02,2025-04,46
Long Jetty,NSW,2261,AU,Y,2025-02-24,2025-04-11,Single Day Entry,4,False,Australia,2025-02,2025-04,46
Long Jetty,NSW,2261,AU,Y,2025-02-24,2025-04-23,Give & Gather Bag,1,False,Australia,2025-02,2025-04,58
North St Marys,NSW,2760,AU,N,2025-02-24,2025-04-11,Single Day Entry,3,False,Australia,2025-02,2025-04,46
Blaxland,NSW,2774,AU,N,2025-02-24,2025-04-11,Single Day Entry,2,False,Australia,2025-02,2025-04,46
Canterbury,NSW,2193,AU,Y,2025-02-24,2025-04-11,Single Day Entry,2,False,Australia,2025-02,2025-04,46
Hammondville,NSW,2170,AU,N,2025-02-24,2025-04-11,Single Day Entry,1,False,Australia,2025-02,2025-04,46
Maroubra,NSW,2035,AU,Y,2025-02-24,2025-04-11,Dino Adventures,5,False,Australia,2025-02,2025-04,46
Maroubra,NSW,2035,AU,Y,2025-02-24,2025-04-11,Single Day Entry,1,False,Australia,2025-02,2025-04,46
Maroubra,NSW,2035,AU,Y,2025-02-24,2025-04-11,Single Day Entry,4,False,Australia,2025-02,2025-04,46
Tarrawanna,NSW,2518,AU,N,2025-02-24,2025-04-11,Dino Adventures,4,False,Australia,2025-02,2025-04,46
Tarrawanna,NSW,2518,AU,N,2025-02-24,2025-04-11,Single Day Entry,2,False,Australia,2025-02,2025-04,46
Tarrawanna,NSW,2518,AU,N,2025-02-24,2025-04-11,Single Day Entry,2,False,Australia,2025-02,2025-04,46
Gosford,NSW,2250,AU,Y,2025-02-24,2025-04-11,Single Day Entry,2,False,Australia,2025-02,2025-04,46
Mount Ousley,NSW,2519,AU,N,2025-02-24,2025-04-11,Single Day Entry,4,False,Australia,2025-02,2025-04,46
Seaforth,NSW,2092,AU,Y,2025-02-24,2025-04-11,Single Day Entry,1,False,Australia,2025-02,2025-04,46
Seaforth,NSW,2092,AU,Y,2025-02-24,2025-04-11,Single Day Entry,1,False,Australia,2025-02,2025-04,46
Berkeley,NSW,2506,AU,Y,2025-02-24,2025-04-11,Single Day Entry,2,False,Australia,2025-02,2025-04,46
Campbelltown,NSW,2560,AU,Y,2025-02-24,2025-04-11,Single Day Entry,2,False,Australia,2025-02,2025-04,46
Carlingford,NSW,2118,AU,Y,2025-02-24,2025-04-11,Single Day Entry,4,False,Australia,2025-02,2025-04,46
Seven Hills,NSW,2147,AU,N,2025-02-24,2025-04-11,Single Day Entry,3,False,Australia,2025-02,2025-04,46
Wahroonga,NSW,2076,AU,Y,2025-02-24,2025-04-11,Single Day Entry,2,False,Australia,2025-02,2025-04,46
Wahroonga,NSW,2076,AU,Y,2025-02-24,2025-04-11,Single Day Entry,2,False,Australia,2025-02,2025-04,46
Horsley,NSW,2530,AU,Y,2025-02-24,2025-04-11,Single Day Entry,4,False,Australia,2025-02,2025-04,46
Warragul,VIC,3820,AU,N,2025-02-24,2025-04-11,Single Day Entry,4,False,Australia,2025-02,2025-04,46
Beverly Hills,NSW,2209,AU,Y,2025-02-24,2025-04-11,Single Day Entry,1,False,Australia,2025-02,2025-04,46
Russell Lea,NSW,2046,AU,N,2025-02-24,2025-04-11,Single Day Entry,1,False,Australia,2025-02,2025-04,46
Allambie Heights,NSW,2100,AU,Y,2025-02-24,2025-04-11,Single Day Entry,1,False,Australia,2025-02,2025-04,46
Allambie Heights,NSW,2100,AU,Y,2025-02-24,2025-04-11,Single Day Entry,1,False,Australia,2025-02,2025-04,46
Marrickville,NSW,2204,AU,N,2025-02-24,2025-04-11,Single Day Entry,2,False,Australia,2025-02,2025-04,46
Thirlmere,NSW,2572,AU,Y,2025-02-24,2025-04-11,Single Day Entry,2,False,Australia,2025-02,2025-04,46
Cromer,NSW,2099,AU,N,2025-02-24,2025-04-11,Single Day Entry,1,False,Australia,2025-02,2025-04,46
Kincumber,NSW,2251,AU,Y,2025-02-24,2025-04-11,Big Bush BBQ,4,False,Australia,2025-02,2025-04,46
Kincumber,NSW,2251,AU,Y,2025-02-24,2025-04-11,Single Day Entry,4,False,Australia,2025-02,2025-04,46
Port Macquarie,NSW,2444,AU,Y,2025-02-24,2025-04-11,Single Day Entry,2,False,Australia,2025-02,2025-04,46
Minchinbury,NSW,2770,AU,N,2025-02-24,2025-04-11,Single Day Entry,4,False,Australia,2025-02,2025-04,46
Ashfield,NSW,2131,AU,N,2025-02-24,2025-04-11,Dino Adventures,2,False,Australia,2025-02,2025-04,46
Ashfield,NSW,2131,AU,N,2025-02-24,2025-04-11,Single Day Entry,1,False,Australia,2025-02,2025-04,46
Ashfield,NSW,2131,AU,N,2025-02-24,2025-04-11,Single Day Entry,1,False,Australia,2025-02,2025-04,46
Kellyville,NSW,2155,AU,N,2025-02-24,2025-04-11,Single Day Entry,2,False,Australia,2025-02,2025-04,46
Kellyville,NSW,2155,AU,N,2025-02-24,2025-04-11,Single Day Entry,4,False,Australia,2025-02,2025-04,46
Wollongong,NSW,2500,AU,N,2025-02-24,2025-04-11,Single Day Entry,2,False,Australia,2025-02,2025-04,46
Sans Souci,NSW,2219,AU,Y,2025-02-24,2025-04-11,Single Day Entry,1,False,Australia,2025-02,2025-04,46
Sans Souci,NSW,2219,AU,Y,2025-02-24,2025-04-11,Single Day Entry,4,False,Australia,2025-02,2025-04,46
Manly,NSW,2095,AU,N,2025-02-24,2025-04-11,Single Day Entry,4,False,Australia,2025-02,2025-04,46
Bulli,NSW,2516,AU,Y,2025-02-24,2025-04-11,Single Day Entry,2,False,Australia,2025-02,2025-04,46
Warwick Farm,NSW,2170,AU,Y,2025-02-24,2025-04-11,Single Day Entry,1,False,Australia,2025-02,2025-04,46
Warwick Farm,NSW,2170,AU,Y,2025-02-24,2025-04-11,Single Day Entry,1,False,Australia,2025-02,2025-04,46
Warwick Farm,NSW,2170,AU,Y,2025-02-24,2025-04-11,Single Day Entry,1,False,Australia,2025-02,2025-04,46
Cronulla,NSW,2230,AU,N,2025-02-24,2025-04-11,Single Day Entry,1,False,Australia,2025-02,2025-04,46
Bringelly,NSW,2556,AU,Y,2025-02-24,2025-04-11,Single Day Entry,2,False,Australia,2025-02,2025-04,46
Ryde,NSW,2112,AU,Y,2025-02-24,2025-04-11,Single Day Entry,4,False,Australia,2025-02,2025-04,46
East Kurrajong,NSW,2758,AU,N,2025-02-24,2025-04-11,Single Day Entry,1,False,Australia,2025-02,2025-04,46
Chatswood,NSW,2067,AU,N,2025-02-24,2025-04-11,Single Day Entry,4,False,Australia,2025-02,2025-04,46
Haywardxs Bay,NSW,2530,AU,Y,2025-02-24,2025-04-11,Single Day Entry,1,False,Australia,2025-02,2025-04,46
Haywardxs Bay,NSW,2530,AU,Y,2025-02-24,2025-04-11,Single Day Entry,2,False,Australia,2025-02,2025-04,46
Sydney,NSW,2558,AU,Y,2025-02-24,2025-04-11,Single Day Entry,2,False,Australia,2025-02,2025-04,46
Sydney,NSW,2558,AU,Y,2025-02-24,2025-04-11,Single Day Entry,3,False,Australia,2025-02,2025-04,46
Sydney,NSW,2558,AU,Y,2025-02-24,2025-04-11,Single Day Entry,4,False,Australia,2025-02,2025-04,46
Tura Beach,NSW,2548,AU,N,2025-02-24,2025-04-11,Single Day Entry,2,False,Australia,2025-02,2025-04,46
Tura Beach,NSW,2548,AU,N,2025-02-24,2025-04-23,Donation,1,False,Australia,2025-02,2025-04,58
St Helens Park,NSW,2560,AU,Y,2025-02-24,2025-04-11,Single Day Entry,1,False,Australia,2025-02,2025-04,46
St Helens Park,NSW,2560,AU,Y,2025-02-24,2025-04-11,Single Day Entry,4,False,Australia,2025-02,2025-04,46
Kirrawee,NSW,2232,AU,N,2025-02-24,2025-04-11,Single Day Entry,1,False,Australia,2025-02,2025-04,46
Macquarie Park,NSW,2113,AU,N,2025-02-24,2025-04-11,After 4pm Entry,4,False,Australia,2025-02,2025-04,46
Seven Hills,NSW,2147,AU,Y,2025-02-24,2025-04-11,After 4pm Entry,2,False,Australia,2025-02,2025-04,46
Liverpool,NSW,2170,AU,N,2025-02-24,2025-04-11,After 4pm Entry,1,False,Australia,2025-02,2025-04,46
Liverpool,NSW,2170,AU,N,2025-02-24,2025-04-11,After 4pm Entry,1,False,Australia,2025-02,2025-04,46
Liverpool,NSW,2170,AU,N,2025-02-24,2025-04-11,After 4pm Entry,1,False,Australia,2025-02,2025-04,46
Frenchs Forest,NSW,2086,AU,Y,2025-02-24,2025-04-19,Reserved Seating,2,False,Australia,2025-02,2025-04,54
Frenchs Forest,NSW,2086,AU,Y,2025-02-24,2025-04-23,Give & Gather Bag,1,False,Australia,2025-02,2025-04,58
Bangor,NSW,2234,AU,N,2025-02-24,2025-04-19,Reserved Seating,2,False,Australia,2025-02,2025-04,54
Bangor,NSW,2234,AU,N,2025-02-24,2025-04-19,Reserved Seating,1,False,Australia,2025-02,2025-04,54
Pimlico,QLD,4812,AU,Y,2025-02-24,2025-04-19,Dino Adventures,4,False,Australia,2025-02,2025-04,54
Pimlico,QLD,4812,AU,Y,2025-02-24,2025-04-19,Reserved Seating,1,False,Australia,2025-02,2025-04,54
Pimlico,QLD,4812,AU,Y,2025-02-24,2025-04-19,Reserved Seating,1,False,Australia,2025-02,2025-04,54
Pimlico,QLD,4812,AU,Y,2025-02-24,2025-04-19,Reserved Seating,4,False,Australia,2025-02,2025-04,54
North Richmond,NSW,2754,AU,Y,2025-02-24,2025-04-19,Angus Steakhouse,2,False,Australia,2025-02,2025-04,54
North Richmond,NSW,2754,AU,Y,2025-02-24,2025-04-19,Reserved Seating,2,False,Australia,2025-02,2025-04,54
North Richmond,NSW,2754,AU,Y,2025-02-24,2025-04-19,Reserved Seating,1,False,Australia,2025-02,2025-04,54
North Richmond,NSW,2754,AU,Y,2025-02-24,2025-04-19,Reserved Seating,1,False,Australia,2025-02,2025-04,54
North Richmond,NSW,2754,AU,Y,2025-02-24,2025-04-23,Give & Gather Bag,1,False,Australia,2025-02,2025-04,58
Windsor South,NSW,2756,AU,Y,2025-02-24,2025-04-19,Reserved Seating,6,False,Australia,2025-02,2025-04,54
Glenmore Park,NSW,2745,AU,Y,2025-02-24,2025-04-19,Reserved Seating,2,False,Australia,2025-02,2025-04,54
Glenmore Park,NSW,2745,AU,Y,2025-02-24,2025-04-23,Give & Gather Bag,1,False,Australia,2025-02,2025-04,58
Oatlands,NSW,2117,AU,Y,2025-02-24,2025-04-19,Reserved Seating,3,False,Australia,2025-02,2025-04,54
Oatlands,NSW,2117,AU,Y,2025-02-24,2025-04-19,Reserved Seating,2,False,Australia,2025-02,2025-04,54
Oatlands,NSW,2117,AU,Y,2025-02-24,2025-04-19,Reserved Seating,1,False,Australia,2025-02,2025-04,54
Wetherill Park,NSW,2164,AU,N,2025-02-24,2025-04-19,Reserved Seating,4,False,Australia,2025-02,2025-04,54
Berowra Heights,NSW,2082,AU,Y,2025-02-24,2025-04-19,Reserved Seating,4,False,Australia,2025-02,2025-04,54
Northbridge,NSW,2063,AU,Y,2025-02-24,2025-04-19,Reserved Seating,4,False,Australia,2025-02,2025-04,54
Northbridge,NSW,2063,AU,Y,2025-02-24,2025-04-19,Reserved Seating,2,False,Australia,2025-02,2025-04,54
Neutral Bay,NSW,2089,AU,Y,2025-02-24,2025-04-19,Reserved Seating,1,False,Australia,2025-02,2025-04,54
Neutral Bay,NSW,2089,AU,Y,2025-02-24,2025-04-19,Reserved Seating,3,False,Australia,2025-02,2025-04,54
Port Macquarie,NSW,2444,AU,Y,2025-02-24,2025-04-19,Big Bush BBQ,4,False,Australia,2025-02,2025-04,54
Port Macquarie,NSW,2444,AU,Y,2025-02-24,2025-04-19,Reserved Seating,3,False,Australia,2025-02,2025-04,54
Port Macquarie,NSW,2444,AU,Y,2025-02-24,2025-04-19,Reserved Seating,1,False,Australia,2025-02,2025-04,54
Engadine,NSW,2233,AU,Y,2025-02-24,2025-04-19,Reserved Seating,2,False,Australia,2025-02,2025-04,54
Buff Point,NSW,2262,AU,Y,2025-02-24,2025-04-19,Reserved Seating,2,False,Australia,2025-02,2025-04,54
Buff Point,NSW,2262,AU,Y,2025-02-24,2025-04-19,Reserved Seating,1,False,Australia,2025-02,2025-04,54
Tumut,NSW,2720,AU,Y,2025-02-24,2025-04-19,Reserved Seating,1,False,Australia,2025-02,2025-04,54
Tumut,NSW,2720,AU,Y,2025-02-24,2025-04-19,Reserved Seating,1,False,Australia,2025-02,2025-04,54
Tumut,NSW,2720,AU,Y,2025-02-24,2025-04-19,Reserved Seating,4,False,Australia,2025-02,2025-04,54
Waterloo,NSW,2017,AU,Y,2025-02-24,2025-04-19,Reserved Seating,6,False,Australia,2025-02,2025-04,54
Quakers Hill,NSW,2763,AU,N,2025-02-24,2025-04-19,Reserved Seating,4,False,Australia,2025-02,2025-04,54
Casino,NSW,2470,AU,Y,2025-02-24,2025-04-19,Reserved Seating,2,False,Australia,2025-02,2025-04,54
Port Macquarie,NSW,2444,AU,Y,2025-02-24,2025-04-19,Big Bush BBQ,1,False,Australia,2025-02,2025-04,54
Port Macquarie,NSW,2444,AU,Y,2025-02-24,2025-04-19,Reserved Seating,1,False,Australia,2025-02,2025-04,54
Port Macquarie,NSW,2444,AU,Y,2025-02-24,2025-04-23,Give & Gather Bag,1,False,Australia,2025-02,2025-04,58
Cranebrook,NSW,2749,AU,N,2025-02-24,2025-04-20,Reserved Seating,3,False,Australia,2025-02,2025-04,55
Cranebrook,NSW,2749,AU,N,2025-02-24,2025-04-20,Reserved Seating,1,False,Australia,2025-02,2025-04,55
Cranebrook,NSW,2749,AU,N,2025-02-24,2025-04-20,Reserved Seating,1,False,Australia,2025-02,2025-04,55
Chipping Norton,NSW,2170,AU,N,2025-02-24,2025-04-20,Angus Steakhouse,2,False,Australia,2025-02,2025-04,55
Chipping Norton,NSW,2170,AU,N,2025-02-24,2025-04-20,Reserved Seating,2,False,Australia,2025-02,2025-04,55
Bligh Park,NSW,2756,AU,Y,2025-02-24,2025-04-20,Reserved Seating,3,False,Australia,2025-02,2025-04,55
Lake Albert,NSW,2650,AU,N,2025-02-24,2025-04-20,Reserved Seating,8,False,Australia,2025-02,2025-04,55
Blackwall,NSW,2256,AU,Y,2025-02-24,2025-04-20,Reserved Seating,2,False,Australia,2025-02,2025-04,55
Blackwall,NSW,2256,AU,Y,2025-02-24,2025-04-20,Reserved Seating,1,False,Australia,2025-02,2025-04,55
Redfern,NSW,2016,AU,N,2025-02-24,2025-04-21,Reserved Seating,1,False,Australia,2025-02,2025-04,56
Redfern,NSW,2016,AU,N,2025-02-24,2025-04-21,Reserved Seating,1,False,Australia,2025-02,2025-04,56
Redfern,NSW,2016,AU,N,2025-02-24,2025-04-21,Reserved Seating,1,False,Australia,2025-02,2025-04,56
Kingswood,NSW,2747,AU,Y,2025-02-24,2025-04-20,Reserved Seating,2,False,Australia,2025-02,2025-04,55
Dondingalong,NSW,2440,AU,Y,2025-02-24,2025-04-23,Give & Gather Bag,1,False,Australia,2025-02,2025-04,58
Dondingalong,NSW,2440,AU,Y,2025-02-24,2025-04-20,Reserved Seating,2,False,Australia,2025-02,2025-04,55
Dondingalong,NSW,2440,AU,Y,2025-02-24,2025-04-20,Reserved Seating,1,False,Australia,2025-02,2025-04,55
Dondingalong,NSW,2440,AU,Y,2025-02-24,2025-04-21,Reserved Seating,2,False,Australia,2025-02,2025-04,56
Dondingalong,NSW,2440,AU,Y,2025-02-24,2025-04-21,Reserved Seating,1,False,Australia,2025-02,2025-04,56
Blaxland,NSW,2774,AU,N,2025-02-24,2025-04-20,Reserved Seating,4,False,Australia,2025-02,2025-04,55
Albion Park,NSW,2527,AU,Y,2025-02-24,2025-04-21,Reserved Seating,2,False,Australia,2025-02,2025-04,56
Albion Park,NSW,2527,AU,Y,2025-02-24,2025-04-21,Reserved Seating,1,False,Australia,2025-02,2025-04,56
Tamworth,NSW,2340,AU,Y,2025-02-24,2025-04-21,Reserved Seating,2,False,Australia,2025-02,2025-04,56
Glenmore Park,NSW,2745,AU,Y,2025-02-24,2025-04-20,Reserved Seating,2,False,Australia,2025-02,2025-04,55
Sydney,NSW,2000,AU,Y,2025-02-24,2025-04-20,Reserved Seating,1,False,Australia,2025-02,2025-04,55
Sydney,NSW,2000,AU,Y,2025-02-24,2025-04-20,Reserved Seating,1,False,Australia,2025-02,2025-04,55
Ashtonfield,NSW,2323,AU,Y,2025-02-24,2025-04-13,Reserved Seating,2,False,Australia,2025-02,2025-04,48
Ashtonfield,NSW,2323,AU,Y,2025-02-24,2025-04-13,Reserved Seating,2,False,Australia,2025-02,2025-04,48
Ambarvale,NSW,2560,AU,N,2025-02-24,2025-04-18,Single Day Entry,1,False,Australia,2025-02,2025-04,53
Ambarvale,NSW,2560,AU,N,2025-02-24,2025-04-18,Single Day Entry,1,False,Australia,2025-02,2025-04,53
Wyee,NSW,2259,AU,N,2025-02-24,2025-04-12,Reserved Seating,2,False,Australia,2025-02,2025-04,47
Cambridge Park,NSW,2747,AU,Y,2025-02-24,2025-04-19,Single Day Entry,3,False,Australia,2025-02,2025-04,54
Cambridge Park,NSW,2747,AU,Y,2025-02-24,2025-04-19,Single Day Entry,4,False,Australia,2025-02,2025-04,54
Picton,NSW,2571,AU,Y,2025-02-24,2025-04-19,Single Day Entry,1,False,Australia,2025-02,2025-04,54
North Sydney,NSW,2060,AU,Y,2025-02-24,2025-04-18,Single Day Entry,3,False,Australia,2025-02,2025-04,53
Ashtonfield,NSW,2323,AU,N,2025-02-24,2025-04-18,Single Day Entry,2,False,Australia,2025-02,2025-04,53
Pacific Pines,QLD,4211,AU,Y,2025-02-24,2025-04-13,Reserved Seating,4,False,Australia,2025-02,2025-04,48
Sylvania,NSW,2224,AU,Y,2025-02-24,2025-04-22,Reserved Seating,2,False,Australia,2025-02,2025-04,57
Sylvania,NSW,2224,AU,Y,2025-02-24,2025-04-22,Reserved Seating,3,False,Australia,2025-02,2025-04,57
Lochinvar,NSW,2321,AU,N,2025-02-24,2025-04-19,Single Day Entry,4,False,Australia,2025-02,2025-04,54
Bonython,ACT,2905,AU,Y,2025-02-24,2025-04-12,Reserved Seating,7,False,Australia,2025-02,2025-04,47
Morisset,NSW,2264,AU,Y,2025-02-24,2025-04-19,Dino Adventures,1,False,Australia,2025-02,2025-04,54
Morisset,NSW,2264,AU,Y,2025-02-24,2025-04-19,Single Day Entry,1,False,Australia,2025-02,2025-04,54
Lower Hutt,,5010,NZ,N,2025-02-24,2025-04-18,Single Day Entry,1,True,International,2025-02,2025-04,53
Lower Hutt,,5010,NZ,N,2025-02-24,2025-04-18,Single Day Entry,1,True,International,2025-02,2025-04,53
Worrigee,NSW,2540,AU,Y,2025-02-24,2025-04-19,Single Day Entry,4,False,Australia,2025-02,2025-04,54
Artarmon,NSW,2064,AU,Y,2025-02-24,2025-04-19,Single Day Entry,1,False,Australia,2025-02,2025-04,54
Artarmon,NSW,2064,AU,Y,2025-02-24,2025-04-19,Single Day Entry,1,False,Australia,2025-02,2025-04,54
Davistown,NSW,2251,AU,Y,2025-02-24,2025-04-12,Reserved Seating,1,False,Australia,2025-02,2025-04,47
Davistown,NSW,2251,AU,Y,2025-02-24,2025-04-12,Reserved Seating,4,False,Australia,2025-02,2025-04,47
Warriewood,NSW,2102,AU,N,2025-02-24,2025-04-12,Reserved Seating,2,False,Australia,2025-02,2025-04,47
Kellyville Ridge,NSW,2155,AU,Y,2025-02-24,2025-04-12,Reserved Seating,4,False,Australia,2025-02,2025-04,47
Young,NSW,2594,AU,Y,2025-02-24,2025-04-18,Single Day Entry,3,False,Australia,2025-02,2025-04,53
Meadowbank,NSW,2114,AU,N,2025-02-24,2025-04-18,Single Day Entry,2,False,Australia,2025-02,2025-04,53
Meadowbank,NSW,2114,AU,N,2025-02-24,2025-04-18,Single Day Entry,1,False,Australia,2025-02,2025-04,53
Jordan Springs,NSW,2747,AU,Y,2025-02-24,2025-04-18,Single Day Entry,4,False,Australia,2025-02,2025-04,53
Orange,NSW,2800,AU,Y,2025-02-24,2025-04-12,Reserved Seating,4,False,Australia,2025-02,2025-04,47
Wetherill Park,NSW,2164,AU,N,2025-02-24,2025-04-13,Reserved Seating,4,False,Australia,2025-02,2025-04,48
Dean Park,NSW,2761,AU,Y,2025-02-24,2025-04-18,Single Day Entry,1,False,Australia,2025-02,2025-04,53
Dean Park,NSW,2761,AU,Y,2025-02-24,2025-04-18,Single Day Entry,1,False,Australia,2025-02,2025-04,53
Largs,NSW,2320,AU,Y,2025-02-24,2025-04-12,Reserved Seating,1,False,Australia,2025-02,2025-04,47
Largs,NSW,2320,AU,Y,2025-02-24,2025-04-12,Reserved Seating,4,False,Australia,2025-02,2025-04,47
North Strathfield,NSW,2137,AU,Y,2025-02-24,2025-04-19,Single Day Entry,2,False,Australia,2025-02,2025-04,54
Epping,NSW,2121,AU,Y,2025-02-24,2025-04-19,Single Day Entry,2,False,Australia,2025-02,2025-04,54
Epping,NSW,2121,AU,Y,2025-02-24,2025-04-19,Single Day Entry,1,False,Australia,2025-02,2025-04,54
Bateau Bay,NSW,2261,AU,Y,2025-02-24,2025-04-13,Reserved Seating,2,False,Australia,2025-02,2025-04,48
Bateau Bay,NSW,2261,AU,Y,2025-02-24,2025-04-13,Reserved Seating,8,False,Australia,2025-02,2025-04,48
Bateau Bay,NSW,2261,AU,Y,2025-02-24,2025-04-23,Give & Gather Bag,1,False,Australia,2025-02,2025-04,58
Smeaton Grange,NSW,2567,AU,N,2025-02-24,2025-04-12,Reserved Seating,7,False,Australia,2025-02,2025-04,47
Smeaton Grange,NSW,2567,AU,N,2025-02-24,2025-04-12,Reserved Seating,1,False,Australia,2025-02,2025-04,47
Freshwater,NSW,2096,AU,Y,2025-02-24,2025-04-18,Single Day Entry,2,False,Australia,2025-02,2025-04,53
Earlwood,NSW,2206,AU,Y,2025-02-24,2025-04-12,Reserved Seating,2,False,Australia,2025-02,2025-04,47
Earlwood,NSW,2206,AU,Y,2025-02-24,2025-04-12,Reserved Seating,4,False,Australia,2025-02,2025-04,47
Schofields,NSW,2762,AU,Y,2025-02-24,2025-04-18,Single Day Entry,1,False,Australia,2025-02,2025-04,53
Schofields,NSW,2762,AU,Y,2025-02-24,2025-04-18,Single Day Entry,1,False,Australia,2025-02,2025-04,53
North Gosford,NSW,2250,AU,N,2025-02-24,2025-04-13,Reserved Seating,1,False,Australia,2025-02,2025-04,48
North Gosford,NSW,2250,AU,N,2025-02-24,2025-04-13,Reserved Seating,1,False,Australia,2025-02,2025-04,48
Prestons,NSW,2170,AU,N,2025-02-24,2025-04-12,Big Bush BBQ,2,False,Australia,2025-02,2025-04,47
Prestons,NSW,2170,AU,N,2025-02-24,2025-04-12,Reserved Seating,1,False,Australia,2025-02,2025-04,47
Prestons,NSW,2170,AU,N,2025-02-24,2025-04-12,Reserved Seating,1,False,Australia,2025-02,2025-04,47
Sydney,NSW,2032,AU,Y,2025-02-24,2025-04-18,Dino Adventures,3,False,Australia,2025-02,2025-04,53
Sydney,NSW,2032,AU,Y,2025-02-24,2025-04-18,Single Day Entry,2,False,Australia,2025-02,2025-04,53
Sydney,NSW,2032,AU,Y,2025-02-24,2025-04-18,Single Day Entry,1,False,Australia,2025-02,2025-04,53
Summer Hill,NSW,2130,AU,N,2025-02-24,2025-04-19,Single Day Entry,1,False,Australia,2025-02,2025-04,54
Charlestown,NSW,2290,AU,N,2025-02-24,2025-04-19,Single Day Entry,1,False,Australia,2025-02,2025-04,54
Charlestown,NSW,2290,AU,N,2025-02-24,2025-04-19,Single Day Entry,2,False,Australia,2025-02,2025-04,54
Charlestown,NSW,2290,AU,N,2025-02-24,2025-04-19,Single Day Entry,4,False,Australia,2025-02,2025-04,54
Murrumbateman,NSW,2582,AU,N,2025-02-24,2025-04-18,Single Day Entry,4,False,Australia,2025-02,2025-04,53
Kellyville Ridge,NSW,2155,AU,N,2025-02-24,2025-04-18,Single Day Entry,1,False,Australia,2025-02,2025-04,53
North Kellyville,NSW,2155,AU,Y,2025-02-24,2025-04-19,Single Day Entry,2,False,Australia,2025-02,2025-04,54
North Kellyville,NSW,2155,AU,Y,2025-02-24,2025-04-19,Single Day Entry,1,False,Australia,2025-02,2025-04,54
Jannali,NSW,2226,AU,Y,2025-02-24,2025-04-12,Reserved Seating,2,False,Australia,2025-02,2025-04,47
Elizabeth North,SA,5113,AU,Y,2025-02-24,2025-04-19,Single Day Entry,3,False,Australia,2025-02,2025-04,54
Rozelle,NSW,2039,AU,Y,2025-02-24,2025-04-18,Single Day Entry,1,False,Australia,2025-02,2025-04,53
Haberfield,NSW,2045,AU,N,2025-02-24,2025-04-13,Reserved Seating,9,False,Australia,2025-02,2025-04,48
Ryde,NSW,2112,AU,Y,2025-02-24,2025-04-18,Single Day Entry,1,False,Australia,2025-02,2025-04,53
Brighton Le Sands,NSW,2216,AU,Y,2025-02-24,2025-04-18,Single Day Entry,2,False,Australia,2025-02,2025-04,53
Hurstville,NSW,2220,AU,N,2025-02-24,2025-04-19,Single Day Entry,2,False,Australia,2025-02,2025-04,54
Rockdale,NSW,2216,AU,Y,2025-02-24,2025-04-19,Single Day Entry,2,False,Australia,2025-02,2025-04,54
Layer Park,,,,Y,2025-02-24,2025-04-18,Single Day Entry,1,True,International,2025-02,2025-04,53
Caringbah,NSW,2229,AU,N,2025-02-24,2025-04-12,Reserved Seating,2,False,Australia,2025-02,2025-04,47
Illawong,NSW,2234,AU,Y,2025-02-24,2025-04-12,Reserved Seating,4,False,Australia,2025-02,2025-04,47
Amaroo,ACT,2914,AU,Y,2025-02-24,2025-04-19,Single Day Entry,2,False,Australia,2025-02,2025-04,54
Plumpton,NSW,2761,AU,Y,2025-02-24,2025-04-18,Single Day Entry,2,False,Australia,2025-02,2025-04,53
West Pennant Hills,NSW,2125,AU,N,2025-02-24,2025-04-19,Single Day Entry,2,False,Australia,2025-02,2025-04,54
Karabar,NSW,2620,AU,N,2025-02-24,2025-04-18,Single Day Entry,1,False,Australia,2025-02,2025-04,53
Mcmahons Point,NSW,2060,AU,N,2025-02-24,2025-04-12,Reserved Seating,2,False,Australia,2025-02,2025-04,47
Mcmahons Point,NSW,2060,AU,N,2025-02-24,2025-04-12,Reserved Seating,4,False,Australia,2025-02,2025-04,47
Sydney,NSW,2018,AU,Y,2025-02-24,2025-04-18,Single Day Entry,1,False,Australia,2025-02,2025-04,53
Sydney,NSW,2018,AU,Y,2025-02-24,2025-04-18,Single Day Entry,1,False,Australia,2025-02,2025-04,53
Casula,NSW,2170,AU,Y,2025-02-24,2025-04-18,Angus Steakhouse,2,False,Australia,2025-02,2025-04,53
Casula,NSW,2170,AU,Y,2025-02-24,2025-04-18,Single Day Entry,1,False,Australia,2025-02,2025-04,53
Chullora,NSW,2190,AU,Y,2025-02-24,2025-04-18,Single Day Entry,4,False,Australia,2025-02,2025-04,53
Chullora,NSW,2190,AU,Y,2025-02-24,2025-04-18,Single Day Entry,1,False,Australia,2025-02,2025-04,53
Hornsby,NSW,2077,AU,N,2025-02-24,2025-04-18,Single Day Entry,2,False,Australia,2025-02,2025-04,53
Quakers Hill,NSW,2763,AU,Y,2025-02-24,2025-04-13,Reserved Seating,2,False,Australia,2025-02,2025-04,48
Quakers Hill,NSW,2763,AU,Y,2025-02-24,2025-04-13,Reserved Seating,4,False,Australia,2025-02,2025-04,48
Smeaton Grange,NSW,2567,AU,Y,2025-02-24,2025-04-12,Reserved Seating,1,False,Australia,2025-02,2025-04,47
Jilliby,NSW,2259,AU,N,2025-02-24,2025-04-12,Reserved Seating,1,False,Australia,2025-02,2025-04,47
Jilliby,NSW,2259,AU,N,2025-02-24,2025-04-12,Reserved Seating,4,False,Australia,2025-02,2025-04,47
Yuen Long,,0,HK,N,2025-02-24,2025-04-18,Single Day Entry,2,True,International,2025-02,2025-04,53
Yuen Long,,0,HK,N,2025-02-24,2025-04-18,Single Day Entry,1,True,International,2025-02,2025-04,53
North Kellyville,NSW,2155,AU,Y,2025-02-24,2025-04-12,Reserved Seating,1,False,Australia,2025-02,2025-04,47
North Kellyville,NSW,2155,AU,Y,2025-02-24,2025-04-12,Reserved Seating,4,False,Australia,2025-02,2025-04,47
Concord West,NSW,2138,AU,N,2025-02-24,2025-04-18,Single Day Entry,4,False,Australia,2025-02,2025-04,53
Concord West,NSW,2138,AU,N,2025-02-24,2025-04-18,Single Day Entry,2,False,Australia,2025-02,2025-04,53
Riverwood,NSW,2210,AU,N,2025-02-24,2025-04-18,Single Day Entry,1,False,Australia,2025-02,2025-04,53
Towradgi,NSW,2518,AU,Y,2025-02-24,2025-04-19,Single Day Entry,1,False,Australia,2025-02,2025-04,54
Ingleburn,NSW,2565,AU,Y,2025-02-24,2025-04-12,Reserved Seating,2,False,Australia,2025-02,2025-04,47
Lane Cove,NSW,2066,AU,Y,2025-02-24,2025-04-19,Single Day Entry,4,False,Australia,2025-02,2025-04,54
Warners Bay,NSW,2282,AU,Y,2025-02-24,2025-04-13,Single Day Entry,2,False,Australia,2025-02,2025-04,48
Normanhurst,NSW,2076,AU,Y,2025-02-24,2025-04-13,Single Day Entry,3,False,Australia,2025-02,2025-04,48
Gwynneville,NSW,2500,AU,N,2025-02-24,2025-04-12,After 4pm Entry,4,False,Australia,2025-02,2025-04,47
St Helens Park,NSW,2560,AU,N,2025-02-24,2025-04-20,Single Day Entry,1,False,Australia,2025-02,2025-04,55
St Helens Park,NSW,2560,AU,N,2025-02-24,2025-04-20,Single Day Entry,4,False,Australia,2025-02,2025-04,55
Rooty Hill,NSW,2766,AU,Y,2025-02-24,2025-04-14,Single Day Entry,4,False,Australia,2025-02,2025-04,49
Rooty Hill,NSW,2766,AU,Y,2025-02-24,2025-04-14,Single Day Entry,1,False,Australia,2025-02,2025-04,49
Rooty Hill,NSW,2766,AU,Y,2025-02-24,2025-04-14,Single Day Entry,2,False,Australia,2025-02,2025-04,49
Wollstonecraft,NSW,2065,AU,N,2025-02-24,2025-04-13,Single Day Entry,2,False,Australia,2025-02,2025-04,48
North Sydney,NSW,2060,AU,Y,2025-02-24,2025-04-14,Single Day Entry,2,False,Australia,2025-02,2025-04,49
Nelson Bay,NSW,2315,AU,Y,2025-02-24,2025-04-11,Reserved Seating,1,False,Australia,2025-02,2025-04,46
Nelson Bay,NSW,2315,AU,Y,2025-02-24,2025-04-11,Reserved Seating,1,False,Australia,2025-02,2025-04,46
Oyster Bay,NSW,2225,AU,Y,2025-02-24,2025-04-13,Single Day Entry,1,False,Australia,2025-02,2025-04,48
Oyster Bay,NSW,2225,AU,Y,2025-02-24,2025-04-13,Single Day Entry,4,False,Australia,2025-02,2025-04,48
Carlingford,NSW,2118,AU,Y,2025-02-24,2025-04-12,After 4pm Entry,1,False,Australia,2025-02,2025-04,47
Lalor Park,NSW,2147,AU,Y,2025-02-24,2025-04-14,Single Day Entry,6,False,Australia,2025-02,2025-04,49
Lalor Park,NSW,2147,AU,Y,2025-02-24,2025-04-14,Single Day Entry,3,False,Australia,2025-02,2025-04,49
Stanmore,NSW,2048,AU,Y,2025-02-24,2025-04-13,Single Day Entry,4,False,Australia,2025-02,2025-04,48
Allambie Heights,NSW,2100,AU,Y,2025-02-24,2025-04-11,Reserved Seating,1,False,Australia,2025-02,2025-04,46
North Ryde,NSW,2113,AU,N,2025-02-24,2025-04-14,Single Day Entry,2,False,Australia,2025-02,2025-04,49
Gymea Bay,NSW,2227,AU,N,2025-02-24,2025-04-13,Single Day Entry,1,False,Australia,2025-02,2025-04,48
Gymea Bay,NSW,2227,AU,N,2025-02-24,2025-04-13,Single Day Entry,4,False,Australia,2025-02,2025-04,48
Georges Hall,NSW,2198,AU,N,2025-02-24,2025-04-14,Reserved Seating,2,False,Australia,2025-02,2025-04,49
Georges Hall,NSW,2198,AU,N,2025-02-24,2025-04-14,Reserved Seating,1,False,Australia,2025-02,2025-04,49
Georges Hall,NSW,2198,AU,N,2025-02-24,2025-04-14,Reserved Seating,2,False,Australia,2025-02,2025-04,49
Jordan Springs,NSW,2747,AU,Y,2025-02-24,2025-04-13,Single Day Entry,3,False,Australia,2025-02,2025-04,48
Jordan Springs,NSW,2747,AU,Y,2025-02-24,2025-04-13,Single Day Entry,1,False,Australia,2025-02,2025-04,48
Emu Plains,NSW,2750,AU,Y,2025-02-24,2025-04-14,Single Day Entry,3,False,Australia,2025-02,2025-04,49
Emu Plains,NSW,2750,AU,Y,2025-02-24,2025-04-14,Single Day Entry,3,False,Australia,2025-02,2025-04,49
Larrakeyah,NT,820,AU,N,2025-02-24,2025-04-15,Single Day Entry,3,False,Australia,2025-02,2025-04,50
Larrakeyah,NT,820,AU,N,2025-02-24,2025-04-15,Single Day Entry,1,False,Australia,2025-02,2025-04,50
Kogarah,NSW,2217,AU,Y,2025-02-24,2025-04-11,Reserved Seating,3,False,Australia,2025-02,2025-04,46
Rosemeadow,NSW,2560,AU,Y,2025-02-24,2025-04-14,Single Day Entry,2,False,Australia,2025-02,2025-04,49
Rosemeadow,NSW,2560,AU,Y,2025-02-24,2025-04-14,Single Day Entry,1,False,Australia,2025-02,2025-04,49
Harrington Park,NSW,2567,AU,N,2025-02-24,2025-04-21,Single Day Entry,4,False,Australia,2025-02,2025-04,56
North Kellyville,NSW,2155,AU,Y,2025-02-24,2025-04-13,Single Day Entry,1,False,Australia,2025-02,2025-04,48
North Kellyville,NSW,2155,AU,Y,2025-02-24,2025-04-13,Single Day Entry,4,False,Australia,2025-02,2025-04,48
Adamstown Heights,NSW,2289,AU,Y,2025-02-24,2025-04-11,Reserved Seating,2,False,Australia,2025-02,2025-04,46
Adamstown Heights,NSW,2289,AU,Y,2025-02-24,2025-04-11,Reserved Seating,1,False,Australia,2025-02,2025-04,46
Chester Hill,NSW,2162,AU,N,2025-02-24,2025-04-14,Single Day Entry,2,False,Australia,2025-02,2025-04,49
Prospect,NSW,2148,AU,Y,2025-02-24,2025-04-20,Single Day Entry,2,False,Australia,2025-02,2025-04,55
Prospect,NSW,2148,AU,Y,2025-02-24,2025-04-20,Single Day Entry,1,False,Australia,2025-02,2025-04,55
Prospect,NSW,2148,AU,Y,2025-02-24,2025-04-20,Single Day Entry,1,False,Australia,2025-02,2025-04,55
Killarney Vale,NSW,2261,AU,Y,2025-02-24,2025-04-13,Single Day Entry,1,False,Australia,2025-02,2025-04,48
Killarney Vale,NSW,2261,AU,Y,2025-02-24,2025-04-13,Single Day Entry,1,False,Australia,2025-02,2025-04,48
Penrith,NSW,2750,AU,Y,2025-02-24,2025-04-14,Single Day Entry,2,False,Australia,2025-02,2025-04,49
Sydney,NSW,2147,AU,Y,2025-02-24,2025-04-13,Single Day Entry,1,False,Australia,2025-02,2025-04,48
Sydney,NSW,2147,AU,Y,2025-02-24,2025-04-13,Single Day Entry,2,False,Australia,2025-02,2025-04,48
Sylvania,NSW,2224,AU,N,2025-02-24,2025-04-13,Single Day Entry,2,False,Australia,2025-02,2025-04,48
Sylvania,NSW,2224,AU,N,2025-02-24,2025-04-13,Single Day Entry,1,False,Australia,2025-02,2025-04,48
Blakehurst,NSW,2221,AU,N,2025-02-24,2025-04-15,Single Day Entry,2,False,Australia,2025-02,2025-04,50
Macquarie Park,NSW,2113,AU,N,2025-02-24,2025-04-14,Single Day Entry,1,False,Australia,2025-02,2025-04,49
Glenwood,NSW,2768,AU,N,2025-02-24,2025-04-13,Single Day Entry,2,False,Australia,2025-02,2025-04,48
Kingswood,NSW,2747,AU,Y,2025-02-24,2025-04-21,Single Day Entry,2,False,Australia,2025-02,2025-04,56
Tapitallee,NSW,2540,AU,Y,2025-02-24,2025-04-13,Single Day Entry,1,False,Australia,2025-02,2025-04,48
Captains Flat,NSW,2623,AU,Y,2025-02-24,2025-04-11,Reserved Seating,2,False,Australia,2025-02,2025-04,46
Teralba,NSW,2284,AU,Y,2025-02-24,2025-04-13,Single Day Entry,1,False,Australia,2025-02,2025-04,48
Kurnell,NSW,2231,AU,Y,2025-02-24,2025-04-13,Big Bush BBQ,3,False,Australia,2025-02,2025-04,48
Kurnell,NSW,2231,AU,Y,2025-02-24,2025-04-13,Dino Adventures,3,False,Australia,2025-02,2025-04,48
Kurnell,NSW,2231,AU,Y,2025-02-24,2025-04-13,Single Day Entry,1,False,Australia,2025-02,2025-04,48
Kurnell,NSW,2231,AU,Y,2025-02-24,2025-04-13,Single Day Entry,1,False,Australia,2025-02,2025-04,48
Kurnell,NSW,2231,AU,Y,2025-02-24,2025-04-13,Single Day Entry,1,False,Australia,2025-02,2025-04,48
Broadwater,NSW,2472,AU,N,2025-02-24,2025-04-14,Dino Adventures,2,False,Australia,2025-02,2025-04,49
Broadwater,NSW,2472,AU,N,2025-02-24,2025-04-14,Reserved Seating,2,False,Australia,2025-02,2025-04,49
Worrigee,NSW,2540,AU,Y,2025-02-24,2025-04-13,Single Day Entry,2,False,Australia,2025-02,2025-04,48
Flinders,NSW,2529,AU,N,2025-02-24,2025-04-15,Dino Adventures,2,False,Australia,2025-02,2025-04,50
Flinders,NSW,2529,AU,N,2025-02-24,2025-04-15,Single Day Entry,2,False,Australia,2025-02,2025-04,50
Cranebrook,NSW,2749,AU,Y,2025-02-24,2025-04-11,Reserved Seating,1,False,Australia,2025-02,2025-04,46
Cranebrook,NSW,2749,AU,Y,2025-02-24,2025-04-11,Reserved Seating,4,False,Australia,2025-02,2025-04,46
Sutherland,NSW,2232,AU,N,2025-02-24,2025-04-13,Single Day Entry,4,False,Australia,2025-02,2025-04,48
Cecil Hills,NSW,2171,AU,N,2025-02-24,2025-04-21,Single Day Entry,2,False,Australia,2025-02,2025-04,56
Windsor,NSW,2756,AU,Y,2025-02-24,2025-04-15,Single Day Entry,1,False,Australia,2025-02,2025-04,50
Windsor,NSW,2756,AU,Y,2025-02-24,2025-04-15,Single Day Entry,1,False,Australia,2025-02,2025-04,50
Casey,ACT,2913,AU,Y,2025-02-24,2025-04-15,Single Day Entry,2,False,Australia,2025-02,2025-04,50
Casey,ACT,2913,AU,Y,2025-02-24,2025-04-15,Single Day Entry,1,False,Australia,2025-02,2025-04,50
Macquarie Park,NSW,2113,AU,N,2025-02-24,2025-04-14,Single Day Entry,2,False,Australia,2025-02,2025-04,49
Ryde,NSW,2112,AU,Y,2025-02-24,2025-04-11,Reserved Seating,1,False,Australia,2025-02,2025-04,46
Ryde,NSW,2112,AU,Y,2025-02-24,2025-04-11,Reserved Seating,1,False,Australia,2025-02,2025-04,46
Bossley Park,NSW,2176,AU,Y,2025-02-24,2025-04-15,Single Day Entry,4,False,Australia,2025-02,2025-04,50
Pendle Hill,NSW,2145,AU,Y,2025-02-24,2025-04-14,Single Day Entry,2,False,Australia,2025-02,2025-04,49
Ermington,NSW,2115,AU,N,2025-02-24,2025-04-13,Single Day Entry,4,False,Australia,2025-02,2025-04,48
Glenmore Park,NSW,2745,AU,N,2025-02-24,2025-04-21,Single Day Entry,4,False,Australia,2025-02,2025-04,56
Horsley,NSW,2530,AU,Y,2025-02-24,2025-04-20,Single Day Entry,4,False,Australia,2025-02,2025-04,55
Mount Annan,NSW,2567,AU,N,2025-02-24,2025-04-13,Single Day Entry,2,False,Australia,2025-02,2025-04,48
Dora Creek,NSW,2264,AU,Y,2025-02-24,2025-04-13,Single Day Entry,3,False,Australia,2025-02,2025-04,48
Dora Creek,NSW,2264,AU,Y,2025-02-24,2025-04-13,Single Day Entry,1,False,Australia,2025-02,2025-04,48
Oatlands,NSW,2117,AU,N,2025-02-24,2025-04-11,Reserved Seating,2,False,Australia,2025-02,2025-04,46
Oatlands,NSW,2117,AU,N,2025-02-24,2025-04-11,Reserved Seating,1,False,Australia,2025-02,2025-04,46
Double Bay,NSW,2028,AU,N,2025-02-24,2025-04-12,Dino Adventures,4,False,Australia,2025-02,2025-04,47
Double Bay,NSW,2028,AU,N,2025-02-24,2025-04-12,After 4pm Entry,1,False,Australia,2025-02,2025-04,47
Double Bay,NSW,2028,AU,N,2025-02-24,2025-04-12,After 4pm Entry,2,False,Australia,2025-02,2025-04,47
Double Bay,NSW,2028,AU,N,2025-02-24,2025-04-12,After 4pm Entry,1,False,Australia,2025-02,2025-04,47
Helensburgh,NSW,2508,AU,Y,2025-02-24,2025-04-20,Single Day Entry,1,False,Australia,2025-02,2025-04,55
Helensburgh,NSW,2508,AU,Y,2025-02-24,2025-04-20,Single Day Entry,2,False,Australia,2025-02,2025-04,55
Enfield,NSW,2136,AU,Y,2025-02-24,2025-04-14,Single Day Entry,2,False,Australia,2025-02,2025-04,49
Revesby,NSW,2212,AU,N,2025-02-24,2025-04-21,Single Day Entry,2,False,Australia,2025-02,2025-04,56
Revesby,NSW,2212,AU,N,2025-02-24,2025-04-21,Single Day Entry,1,False,Australia,2025-02,2025-04,56
St Marys,NSW,2760,AU,Y,2025-02-24,2025-04-14,Single Day Entry,3,False,Australia,2025-02,2025-04,49
Naremburn,NSW,2065,AU,Y,2025-02-24,2025-04-15,Single Day Entry,1,False,Australia,2025-02,2025-04,50
Naremburn,NSW,2065,AU,Y,2025-02-24,2025-04-15,Single Day Entry,1,False,Australia,2025-02,2025-04,50
Castle Hill,NSW,2154,AU,Y,2025-02-24,2025-04-20,Single Day Entry,4,False,Australia,2025-02,2025-04,55
Mudgeeraba,QLD,4213,AU,Y,2025-02-24,2025-04-11,Reserved Seating,2,False,Australia,2025-02,2025-04,46
Clovelly,NSW,2031,AU,Y,2025-02-24,2025-04-15,Single Day Entry,4,False,Australia,2025-02,2025-04,50
Earlwood,NSW,2206,AU,N,2025-02-24,2025-04-14,Single Day Entry,1,False,Australia,2025-02,2025-04,49
Ryde,NSW,2112,AU,Y,2025-02-24,2025-04-15,Single Day Entry,1,False,Australia,2025-02,2025-04,50
Earlwood,NSW,2206,AU,Y,2025-02-24,2025-04-14,Single Day Entry,1,False,Australia,2025-02,2025-04,49
Earlwood,NSW,2206,AU,Y,2025-02-24,2025-04-14,Single Day Entry,2,False,Australia,2025-02,2025-04,49
North Albury,NSW,2640,AU,Y,2025-02-24,2025-04-14,Single Day Entry,2,False,Australia,2025-02,2025-04,49
Kensington,NSW,2033,AU,Y,2025-02-24,2025-04-12,After 4pm Entry,22,False,Australia,2025-02,2025-04,47
Box Hill,NSW,2765,AU,N,2025-02-24,2025-04-15,Single Day Entry,3,False,Australia,2025-02,2025-04,50
Ashfield,NSW,2131,AU,N,2025-02-24,2025-04-14,Single Day Entry,2,False,Australia,2025-02,2025-04,49
Ashfield,NSW,2131,AU,N,2025-02-24,2025-04-14,Single Day Entry,2,False,Australia,2025-02,2025-04,49
Beecroft,NSW,2119,AU,N,2025-02-24,2025-04-21,Single Day Entry,1,False,Australia,2025-02,2025-04,56
Beecroft,NSW,2119,AU,N,2025-02-24,2025-04-21,Single Day Entry,1,False,Australia,2025-02,2025-04,56
Beecroft,NSW,2119,AU,N,2025-02-24,2025-04-21,Single Day Entry,1,False,Australia,2025-02,2025-04,56
Young,NSW,2594,AU,Y,2025-02-24,2025-04-23,Give & Gather Bag,1,False,Australia,2025-02,2025-04,58
Young,NSW,2594,AU,Y,2025-02-24,2025-04-20,Dino Adventures,2,False,Australia,2025-02,2025-04,55
Young,NSW,2594,AU,Y,2025-02-24,2025-04-20,Single Day Entry,1,False,Australia,2025-02,2025-04,55
Young,NSW,2594,AU,Y,2025-02-24,2025-04-20,Single Day Entry,1,False,Australia,2025-02,2025-04,55
Rozelle,NSW,2039,AU,Y,2025-02-24,2025-04-20,Single Day Entry,2,False,Australia,2025-02,2025-04,55
Windang,NSW,2528,AU,N,2025-02-24,2025-04-14,Single Day Entry,2,False,Australia,2025-02,2025-04,49
Rutherford,NSW,2320,AU,Y,2025-02-24,2025-04-14,Single Day Entry,1,False,Australia,2025-02,2025-04,49
Rutherford,NSW,2320,AU,Y,2025-02-24,2025-04-14,Single Day Entry,1,False,Australia,2025-02,2025-04,49
Rutherford,NSW,2320,AU,Y,2025-02-24,2025-04-14,Single Day Entry,1,False,Australia,2025-02,2025-04,49
Belrose,NSW,2085,AU,Y,2025-02-24,2025-04-14,Single Day Entry,2,False,Australia,2025-02,2025-04,49
Wollongong,NSW,2500,AU,Y,2025-02-24,2025-04-14,Single Day Entry,4,False,Australia,2025-02,2025-04,49
Wollongong,NSW,2500,AU,Y,2025-02-24,2025-04-14,Single Day Entry,1,False,Australia,2025-02,2025-04,49
Wamberal,NSW,2260,AU,N,2025-02-24,2025-04-13,Single Day Entry,1,False,Australia,2025-02,2025-04,48
Wamberal,NSW,2260,AU,N,2025-02-24,2025-04-13,Single Day Entry,1,False,Australia,2025-02,2025-04,48
Millfield,NSW,2325,AU,Y,2025-02-24,2025-04-14,Reserved Seating,2,False,Australia,2025-02,2025-04,49
Spring Farm,NSW,2570,AU,Y,2025-02-24,2025-04-13,Single Day Entry,1,False,Australia,2025-02,2025-04,48
Mosman,NSW,2088,AU,N,2025-02-24,2025-04-13,Single Day Entry,2,False,Australia,2025-02,2025-04,48
Killarney Vale,NSW,2261,AU,Y,2025-02-24,2025-04-13,Single Day Entry,4,False,Australia,2025-02,2025-04,48
Ingleburn,NSW,2565,AU,N,2025-02-24,2025-04-21,Single Day Entry,4,False,Australia,2025-02,2025-04,56
Moss Vale,NSW,2577,AU,Y,2025-02-24,2025-04-14,Single Day Entry,2,False,Australia,2025-02,2025-04,49
One North Residences,,138642,SG,N,2025-02-24,2025-04-14,Dino Adventures,3,True,International,2025-02,2025-04,49
One North Residences,,138642,SG,N,2025-02-24,2025-04-14,Single Day Entry,2,True,International,2025-02,2025-04,49
One North Residences,,138642,SG,N,2025-02-24,2025-04-14,Single Day Entry,1,True,International,2025-02,2025-04,49
Forest Hill,NSW,2651,AU,Y,2025-02-24,2025-04-14,Reserved Seating,2,False,Australia,2025-02,2025-04,49
Forest Hill,NSW,2651,AU,Y,2025-02-24,2025-04-14,Reserved Seating,4,False,Australia,2025-02,2025-04,49
Castle Hill,NSW,2154,AU,Y,2025-02-24,2025-04-13,Single Day Entry,2,False,Australia,2025-02,2025-04,48
Bankstown,NSW,2200,AU,Y,2025-02-24,2025-04-14,Single Day Entry,2,False,Australia,2025-02,2025-04,49
Bankstown,NSW,2200,AU,Y,2025-02-24,2025-04-14,Single Day Entry,2,False,Australia,2025-02,2025-04,49
Queenscliff,NSW,2096,AU,Y,2025-02-24,2025-04-14,Single Day Entry,2,False,Australia,2025-02,2025-04,49
Pemulwuy,NSW,2145,AU,Y,2025-02-24,2025-04-15,Single Day Entry,2,False,Australia,2025-02,2025-04,50
Malabar,NSW,2036,AU,N,2025-02-24,2025-04-13,Single Day Entry,4,False,Australia,2025-02,2025-04,48
Oatlands,NSW,2117,AU,N,2025-02-24,2025-04-11,Reserved Seating,2,False,Australia,2025-02,2025-04,46
Oatlands,NSW,2117,AU,N,2025-02-24,2025-04-11,Reserved Seating,1,False,Australia,2025-02,2025-04,46
Denistone,NSW,2114,AU,N,2025-02-24,2025-04-14,Single Day Entry,4,False,Australia,2025-02,2025-04,49
Macquarie Park,NSW,2113,AU,N,2025-02-24,2025-04-13,Single Day Entry,2,False,Australia,2025-02,2025-04,48
Macquarie Park,NSW,2113,AU,N,2025-02-24,2025-04-13,Single Day Entry,1,False,Australia,2025-02,2025-04,48
Belrose,NSW,2085,AU,Y,2025-02-24,2025-04-20,Single Day Entry,2,False,Australia,2025-02,2025-04,55
nan,,,,N,2025-02-24,2025-04-13,Single Day Entry,20,True,International,2025-02,2025-04,48
nan,,,,N,2025-02-24,2025-04-14,Single Day Entry,80,True,International,2025-02,2025-04,49
nan,,,,N,2025-02-24,2025-04-15,Single Day Entry,50,True,International,2025-02,2025-04,50
nan,,,,N,2025-02-24,2025-04-15,Single Day Entry,50,True,International,2025-02,2025-04,50
nan,,,,N,2025-02-24,2025-04-15,Single Day Entry,50,True,International,2025-02,2025-04,50
nan,,,,N,2025-02-24,2025-04-15,Single Day Entry,50,True,International,2025-02,2025-04,50
nan,,,,N,2025-02-24,2025-04-15,Single Day Entry,50,True,International,2025-02,2025-04,50
nan,,,,N,2025-02-24,2025-04-15,Single Day Entry,50,True,International,2025-02,2025-04,50
nan,,,,N,2025-02-24,2025-04-15,Single Day Entry,50,True,International,2025-02,2025-04,50
nan,,,,N,2025-02-24,2025-04-15,Single Day Entry,50,True,International,2025-02,2025-04,50
nan,,,,N,2025-02-24,2025-04-15,Single Day Entry,50,True,International,2025-02,2025-04,50
nan,,,,N,2025-02-24,2025-04-15,Single Day Entry,50,True,International,2025-02,2025-04,50
nan,,,,N,2025-02-24,2025-04-15,Single Day Entry,50,True,International,2025-02,2025-04,50
nan,,,,N,2025-02-24,2025-04-15,Single Day Entry,50,True,International,2025-02,2025-04,50
nan,,,,N,2025-02-24,2025-04-15,Single Day Entry,50,True,International,2025-02,2025-04,50
nan,,,,N,2025-02-24,2025-04-15,Single Day Entry,50,True,International,2025-02,2025-04,50
nan,,,,N,2025-02-24,2025-04-15,Single Day Entry,50,True,International,2025-02,2025-04,50
nan,,,,N,2025-02-24,2025-04-15,Single Day Entry,50,True,International,2025-02,2025-04,50
nan,,,,N,2025-02-24,2025-04-15,Single Day Entry,50,True,International,2025-02,2025-04,50
Wilton,NSW,2571,AU,Y,2025-02-24,2025-04-14,Single Day Entry,1,False,Australia,2025-02,2025-04,49
Church Point,NSW,2105,AU,Y,2025-02-24,2025-04-14,Single Day Entry,2,False,Australia,2025-02,2025-04,49
Barrack Heights,NSW,2528,AU,Y,2025-02-24,2025-04-14,Single Day Entry,3,False,Australia,2025-02,2025-04,49
Tahmoor,NSW,2573,AU,Y,2025-02-24,2025-04-20,Single Day Entry,1,False,Australia,2025-02,2025-04,55
Eleebana,NSW,2282,AU,Y,2025-02-24,2025-04-14,Reserved Seating,2,False,Australia,2025-02,2025-04,49
Riverwood,NSW,2220,AU,Y,2025-02-24,2025-04-21,Single Day Entry,4,False,Australia,2025-02,2025-04,56
Lindfield,NSW,2070,AU,N,2025-02-24,2025-04-11,Reserved Seating,2,False,Australia,2025-02,2025-04,46
Lindfield,NSW,2070,AU,N,2025-02-24,2025-04-11,Reserved Seating,4,False,Australia,2025-02,2025-04,46
Dolans Bay,NSW,2229,AU,Y,2025-02-24,2025-04-14,Single Day Entry,1,False,Australia,2025-02,2025-04,49
Dolans Bay,NSW,2229,AU,Y,2025-02-24,2025-04-14,Single Day Entry,1,False,Australia,2025-02,2025-04,49
Dolans Bay,NSW,2229,AU,Y,2025-02-24,2025-04-14,Single Day Entry,4,False,Australia,2025-02,2025-04,49
Bondi Junction,NSW,2022,AU,Y,2025-02-24,2025-04-13,After 4pm Entry,2,False,Australia,2025-02,2025-04,48
Villawood,NSW,2163,AU,Y,2025-02-24,2025-04-14,Single Day Entry,1,False,Australia,2025-02,2025-04,49
Railton,TAS,7305,AU,N,2025-02-24,2025-04-15,Single Day Entry,2,False,Australia,2025-02,2025-04,50
Railton,TAS,7305,AU,N,2025-02-24,2025-04-15,Single Day Entry,8,False,Australia,2025-02,2025-04,50
Coogee,NSW,2034,AU,N,2025-02-24,2025-04-14,Single Day Entry,4,False,Australia,2025-02,2025-04,49
Calderwood,NSW,2527,AU,N,2025-02-24,2025-04-15,Single Day Entry,4,False,Australia,2025-02,2025-04,50
Charlestown,NSW,2290,AU,Y,2025-02-24,2025-04-14,Single Day Entry,2,False,Australia,2025-02,2025-04,49
Baulkham Hills,NSW,2153,AU,N,2025-02-24,2025-04-14,Single Day Entry,2,False,Australia,2025-02,2025-04,49
Hurstville,NSW,2220,AU,Y,2025-02-24,2025-04-20,Single Day Entry,3,False,Australia,2025-02,2025-04,55
Hurstville,NSW,2220,AU,Y,2025-02-24,2025-04-20,Single Day Entry,1,False,Australia,2025-02,2025-04,55
Riverwood,NSW,2210,AU,Y,2025-02-24,2025-04-14,Single Day Entry,1,False,Australia,2025-02,2025-04,49
North Willoughby,NSW,2068,AU,Y,2025-02-24,2025-04-14,Single Day Entry,3,False,Australia,2025-02,2025-04,49
Nicholls,ACT,2913,AU,Y,2025-02-24,2025-04-14,Reserved Seating,1,False,Australia,2025-02,2025-04,49
Nicholls,ACT,2913,AU,Y,2025-02-24,2025-04-14,Reserved Seating,1,False,Australia,2025-02,2025-04,49
Auburn,NSW,2144,AU,N,2025-02-24,2025-04-20,Single Day Entry,2,False,Australia,2025-02,2025-04,55
Bulli,NSW,2516,AU,N,2025-02-24,2025-04-13,Reserved Seating,5,False,Australia,2025-02,2025-04,48
Berkeley Vale,NSW,2261,AU,Y,2025-02-24,2025-04-14,Single Day Entry,1,False,Australia,2025-02,2025-04,49
Berkeley Vale,NSW,2261,AU,Y,2025-02-24,2025-04-14,Single Day Entry,1,False,Australia,2025-02,2025-04,49
Mortdale,NSW,2223,AU,N,2025-02-24,2025-04-15,Single Day Entry,4,False,Australia,2025-02,2025-04,50
Claymore,NSW,2559,AU,Y,2025-02-24,2025-04-19,Single Day Entry,1,False,Australia,2025-02,2025-04,54
Wentworth Falls,NSW,2782,AU,Y,2025-02-24,2025-04-14,Single Day Entry,2,False,Australia,2025-02,2025-04,49
Ruse,NSW,2560,AU,Y,2025-02-24,2025-04-11,Reserved Seating,6,False,Australia,2025-02,2025-04,46
Ruse,NSW,2560,AU,Y,2025-02-24,2025-04-11,Reserved Seating,1,False,Australia,2025-02,2025-04,46
Ruse,NSW,2560,AU,Y,2025-02-24,2025-04-11,Reserved Seating,4,False,Australia,2025-02,2025-04,46
Panania,NSW,2213,AU,Y,2025-02-24,2025-04-14,Single Day Entry,1,False,Australia,2025-02,2025-04,49
Toongabbie,NSW,2146,AU,N,2025-02-24,2025-04-13,Single Day Entry,4,False,Australia,2025-02,2025-04,48
Villawood,NSW,2163,AU,Y,2025-02-24,2025-04-19,Single Day Entry,2,False,Australia,2025-02,2025-04,54
Lane Cove North,NSW,2066,AU,Y,2025-02-24,2025-04-14,Single Day Entry,1,False,Australia,2025-02,2025-04,49
Albion Park,NSW,2527,AU,N,2025-02-24,2025-04-12,Reserved Seating,2,False,Australia,2025-02,2025-04,47
Bexley,NSW,2207,AU,Y,2025-02-24,2025-04-18,Single Day Entry,1,False,Australia,2025-02,2025-04,53
Bexley,NSW,2207,AU,Y,2025-02-24,2025-04-18,Single Day Entry,1,False,Australia,2025-02,2025-04,53
West Nowra,NSW,2541,AU,Y,2025-02-24,2025-04-12,Reserved Seating,2,False,Australia,2025-02,2025-04,47
West Nowra,NSW,2541,AU,Y,2025-02-24,2025-04-12,Reserved Seating,1,False,Australia,2025-02,2025-04,47
West Nowra,NSW,2541,AU,Y,2025-02-24,2025-04-12,Reserved Seating,2,False,Australia,2025-02,2025-04,47
Rosemeadow,NSW,2560,AU,Y,2025-02-24,2025-04-13,Single Day Entry,1,False,Australia,2025-02,2025-04,48
Bensville,NSW,2251,AU,Y,2025-02-24,2025-04-14,Single Day Entry,1,False,Australia,2025-02,2025-04,49
Auburn,NSW,2144,AU,Y,2025-02-24,2025-04-14,Single Day Entry,2,False,Australia,2025-02,2025-04,49
Greystanes,NSW,2145,AU,Y,2025-02-24,2025-04-15,Single Day Entry,2,False,Australia,2025-02,2025-04,50
Greystanes,NSW,2145,AU,Y,2025-02-24,2025-04-15,Single Day Entry,8,False,Australia,2025-02,2025-04,50
Berowra,NSW,2081,AU,Y,2025-02-24,2025-04-14,Big Bush BBQ,2,False,Australia,2025-02,2025-04,49
Berowra,NSW,2081,AU,Y,2025-02-24,2025-04-14,Single Day Entry,1,False,Australia,2025-02,2025-04,49
Berowra,NSW,2081,AU,Y,2025-02-24,2025-04-14,Single Day Entry,1,False,Australia,2025-02,2025-04,49
Berowra,NSW,2081,AU,Y,2025-02-24,2025-04-23,Give & Gather Bag,1,False,Australia,2025-02,2025-04,58
St Marys,NSW,2760,AU,N,2025-02-24,2025-04-14,Single Day Entry,1,False,Australia,2025-02,2025-04,49
Oberon,NSW,2787,AU,Y,2025-02-24,2025-04-12,Reserved Seating,1,False,Australia,2025-02,2025-04,47
Oberon,NSW,2787,AU,Y,2025-02-24,2025-04-12,Reserved Seating,4,False,Australia,2025-02,2025-04,47
Umina Beach,NSW,2257,AU,Y,2025-02-24,2025-04-14,Single Day Entry,1,False,Australia,2025-02,2025-04,49
Bexley,NSW,2207,AU,Y,2025-02-24,2025-04-13,Single Day Entry,1,False,Australia,2025-02,2025-04,48
Liverpool,NSW,2170,AU,Y,2025-02-24,2025-04-19,Single Day Entry,2,False,Australia,2025-02,2025-04,54
West Hoxton,NSW,2171,AU,Y,2025-02-24,2025-04-21,Single Day Entry,4,False,Australia,2025-02,2025-04,56
Thornton,NSW,2322,AU,N,2025-02-24,2025-04-14,Single Day Entry,2,False,Australia,2025-02,2025-04,49
Thornton,NSW,2322,AU,N,2025-02-24,2025-04-14,Single Day Entry,1,False,Australia,2025-02,2025-04,49
Orange,NSW,2800,AU,Y,2025-02-24,2025-04-13,Single Day Entry,3,False,Australia,2025-02,2025-04,48
Orange,NSW,2800,AU,Y,2025-02-24,2025-04-13,Single Day Entry,2,False,Australia,2025-02,2025-04,48
Orange,NSW,2800,AU,Y,2025-02-24,2025-04-13,Single Day Entry,1,False,Australia,2025-02,2025-04,48
Sydney,NSW,2170,AU,Y,2025-02-24,2025-04-18,Single Day Entry,4,False,Australia,2025-02,2025-04,53
Port Macquarie,NSW,2444,AU,N,2025-02-24,2025-04-19,Single Day Entry,4,False,Australia,2025-02,2025-04,54
Coburg,VIC,3058,AU,Y,2025-02-24,2025-04-21,Single Day Entry,1,False,Australia,2025-02,2025-04,56
Coburg,VIC,3058,AU,Y,2025-02-24,2025-04-21,Single Day Entry,1,False,Australia,2025-02,2025-04,56
West Wollongong,NSW,2500,AU,Y,2025-02-24,2025-04-18,Single Day Entry,1,False,Australia,2025-02,2025-04,53
West Wollongong,NSW,2500,AU,Y,2025-02-24,2025-04-18,Single Day Entry,1,False,Australia,2025-02,2025-04,53
West Pennant Hills,NSW,2125,AU,N,2025-02-24,2025-04-13,Single Day Entry,4,False,Australia,2025-02,2025-04,48
Ingleburn,NSW,2565,AU,Y,2025-02-24,2025-04-18,Single Day Entry,2,False,Australia,2025-02,2025-04,53
Lambton,NSW,2299,AU,Y,2025-02-24,2025-04-14,Single Day Entry,2,False,Australia,2025-02,2025-04,49
Lambton,NSW,2299,AU,Y,2025-02-24,2025-04-23,Give & Gather Bag,1,False,Australia,2025-02,2025-04,58
Bayview Heights,QLD,4868,AU,N,2025-02-24,2025-04-11,Reserved Seating,1,False,Australia,2025-02,2025-04,46
Bayview Heights,QLD,4868,AU,N,2025-02-24,2025-04-11,Reserved Seating,1,False,Australia,2025-02,2025-04,46
Ryde,NSW,2112,AU,N,2025-02-24,2025-04-18,Single Day Entry,3,False,Australia,2025-02,2025-04,53
Ryde,NSW,2112,AU,N,2025-02-24,2025-04-18,Single Day Entry,1,False,Australia,2025-02,2025-04,53
Ryde,NSW,2112,AU,N,2025-02-24,2025-04-18,Single Day Entry,2,False,Australia,2025-02,2025-04,53
Mackay,QLD,8011,AU,Y,2025-02-24,2025-04-11,Reserved Seating,2,False,Australia,2025-02,2025-04,46
Melonba,NSW,2765,AU,Y,2025-02-24,2025-04-21,Single Day Entry,2,False,Australia,2025-02,2025-04,56
Melonba,NSW,2765,AU,Y,2025-02-24,2025-04-21,Single Day Entry,1,False,Australia,2025-02,2025-04,56
Kurnell,NSW,2231,AU,Y,2025-02-24,2025-04-20,Single Day Entry,3,False,Australia,2025-02,2025-04,55
Catherine Hill Bay,NSW,2281,AU,N,2025-02-24,2025-04-18,Single Day Entry,2,False,Australia,2025-02,2025-04,53
Blackbutt,NSW,2529,AU,N,2025-02-24,2025-04-21,Single Day Entry,1,False,Australia,2025-02,2025-04,56
Blackbutt,NSW,2529,AU,N,2025-02-24,2025-04-21,Single Day Entry,4,False,Australia,2025-02,2025-04,56
Sydney,NSW,2075,AU,Y,2025-02-24,2025-04-14,Single Day Entry,2,False,Australia,2025-02,2025-04,49
Sydney,NSW,2075,AU,Y,2025-02-24,2025-04-14,Single Day Entry,1,False,Australia,2025-02,2025-04,49
Wetherill Park,NSW,2164,AU,Y,2025-02-24,2025-04-18,Single Day Entry,4,False,Australia,2025-02,2025-04,53
Balaclava,NSW,2575,AU,Y,2025-02-24,2025-04-14,Single Day Entry,4,False,Australia,2025-02,2025-04,49
Bradbury,NSW,2560,AU,Y,2025-02-24,2025-04-14,Single Day Entry,3,False,Australia,2025-02,2025-04,49
Gold Coast,QLD,4210,AU,Y,2025-02-24,2025-04-12,Reserved Seating,2,False,Australia,2025-02,2025-04,47
Parramatta,NSW,2150,AU,N,2025-02-24,2025-04-19,Single Day Entry,4,False,Australia,2025-02,2025-04,54
Meringandan West,QLD,4352,AU,Y,2025-02-24,2025-04-14,Single Day Entry,2,False,Australia,2025-02,2025-04,49
Yenda,NSW,2681,AU,Y,2025-02-24,2025-04-19,Single Day Entry,4,False,Australia,2025-02,2025-04,54
Balaclava,NSW,2575,AU,Y,2025-02-24,2025-04-20,Single Day Entry,4,False,Australia,2025-02,2025-04,55
Marsden Park,NSW,2765,AU,N,2025-02-24,2025-04-11,Reserved Seating,2,False,Australia,2025-02,2025-04,46
Forbes,NSW,2871,AU,Y,2025-02-24,2025-04-15,Single Day Entry,2,False,Australia,2025-02,2025-04,50
Queanbeyan East,NSW,2620,AU,Y,2025-02-24,2025-04-19,Single Day Entry,2,False,Australia,2025-02,2025-04,54
Meringandan West,QLD,4352,AU,Y,2025-02-24,2025-04-15,Single Day Entry,2,False,Australia,2025-02,2025-04,50
Sydney,NSW,2000,AU,Y,2025-02-24,2025-04-13,Single Day Entry,1,False,Australia,2025-02,2025-04,48
Sutherland,NSW,2232,AU,N,2025-02-24,2025-04-18,Single Day Entry,2,False,Australia,2025-02,2025-04,53
Drummoyne,NSW,2047,AU,Y,2025-02-24,2025-04-15,Single Day Entry,2,False,Australia,2025-02,2025-04,50
Drummoyne,NSW,2047,AU,Y,2025-02-24,2025-04-15,Single Day Entry,2,False,Australia,2025-02,2025-04,50
Sylvania,NSW,2224,AU,N,2025-02-24,2025-04-13,Single Day Entry,1,False,Australia,2025-02,2025-04,48
Sylvania,NSW,2224,AU,N,2025-02-24,2025-04-13,Single Day Entry,1,False,Australia,2025-02,2025-04,48
Sylvania,NSW,2224,AU,N,2025-02-24,2025-04-13,Single Day Entry,2,False,Australia,2025-02,2025-04,48
Horseshoe Bay,QLD,4819,AU,N,2025-02-24,2025-04-21,Single Day Entry,1,False,Australia,2025-02,2025-04,56
Horseshoe Bay,QLD,4819,AU,N,2025-02-24,2025-04-21,Single Day Entry,1,False,Australia,2025-02,2025-04,56
Oatley,NSW,2223,AU,N,2025-02-24,2025-04-21,Single Day Entry,4,False,Australia,2025-02,2025-04,56
Hinchinbrook,NSW,2168,AU,Y,2025-02-24,2025-04-20,Single Day Entry,2,False,Australia,2025-02,2025-04,55
Chipping Norton,NSW,2170,AU,Y,2025-02-24,2025-04-13,Single Day Entry,1,False,Australia,2025-02,2025-04,48
Chipping Norton,NSW,2170,AU,Y,2025-02-24,2025-04-13,Single Day Entry,1,False,Australia,2025-02,2025-04,48
Auburn,NSW,2144,AU,Y,2025-02-24,2025-04-14,Single Day Entry,1,False,Australia,2025-02,2025-04,49
Auburn,NSW,2144,AU,Y,2025-02-24,2025-04-14,Single Day Entry,1,False,Australia,2025-02,2025-04,49
Menai,NSW,2234,AU,Y,2025-02-24,2025-04-14,Reserved Seating,3,False,Australia,2025-02,2025-04,49
Blacktown,NSW,2148,AU,Y,2025-02-24,2025-04-19,Single Day Entry,1,False,Australia,2025-02,2025-04,54
Blacktown,NSW,2148,AU,Y,2025-02-24,2025-04-19,Single Day Entry,2,False,Australia,2025-02,2025-04,54
Shell Cove,NSW,2529,AU,N,2025-02-24,2025-04-19,Single Day Entry,2,False,Australia,2025-02,2025-04,54
Shell Cove,NSW,2529,AU,N,2025-02-24,2025-04-19,Single Day Entry,1,False,Australia,2025-02,2025-04,54
Girraween,NSW,2145,AU,Y,2025-02-24,2025-04-13,Single Day Entry,2,False,Australia,2025-02,2025-04,48
Girraween,NSW,2145,AU,Y,2025-02-24,2025-04-13,Single Day Entry,1,False,Australia,2025-02,2025-04,48
Bankstown,NSW,2200,AU,Y,2025-02-24,2025-04-14,Single Day Entry,2,False,Australia,2025-02,2025-04,49
The Oaks,NSW,2570,AU,Y,2025-02-24,2025-04-13,Single Day Entry,4,False,Australia,2025-02,2025-04,48
The Oaks,NSW,2570,AU,Y,2025-02-24,2025-04-13,Single Day Entry,1,False,Australia,2025-02,2025-04,48
Gordon,NSW,2072,AU,Y,2025-02-24,2025-04-20,Angus Steakhouse,1,False,Australia,2025-02,2025-04,55
Gordon,NSW,2072,AU,Y,2025-02-24,2025-04-20,Single Day Entry,4,False,Australia,2025-02,2025-04,55
Sutherland,NSW,2232,AU,Y,2025-02-24,2025-04-18,Single Day Entry,3,False,Australia,2025-02,2025-04,53
Wagga Wagga,NSW,2650,AU,N,2025-02-24,2025-04-14,Reserved Seating,2,False,Australia,2025-02,2025-04,49
Chatswood,NSW,2067,AU,Y,2025-02-24,2025-04-13,Single Day Entry,2,False,Australia,2025-02,2025-04,48
Chatswood,NSW,2067,AU,Y,2025-02-24,2025-04-13,Single Day Entry,1,False,Australia,2025-02,2025-04,48
Kurnell,NSW,2231,AU,Y,2025-02-24,2025-04-14,Single Day Entry,3,False,Australia,2025-02,2025-04,49
Kurnell,NSW,2231,AU,Y,2025-02-24,2025-04-14,Single Day Entry,1,False,Australia,2025-02,2025-04,49
Mount Colah,NSW,2079,AU,N,2025-02-24,2025-04-19,Single Day Entry,4,False,Australia,2025-02,2025-04,54
Sydney,NSW,2017,AU,Y,2025-02-24,2025-04-14,Single Day Entry,1,False,Australia,2025-02,2025-04,49
Koonawarra,NSW,2530,AU,N,2025-02-24,2025-04-14,Single Day Entry,1,False,Australia,2025-02,2025-04,49
Dural,NSW,2158,AU,N,2025-02-24,2025-04-21,Single Day Entry,2,False,Australia,2025-02,2025-04,56
West Hoxton,NSW,2171,AU,Y,2025-02-24,2025-04-12,After 4pm Entry,2,False,Australia,2025-02,2025-04,47
Lake Cathie,NSW,2445,AU,N,2025-02-24,2025-04-11,Reserved Seating,1,False,Australia,2025-02,2025-04,46
Lake Cathie,NSW,2445,AU,N,2025-02-24,2025-04-11,Reserved Seating,1,False,Australia,2025-02,2025-04,46
Sydney,NSW,2234,AU,Y,2025-02-24,2025-04-21,Single Day Entry,4,False,Australia,2025-02,2025-04,56
Currans Hill,NSW,2567,AU,N,2025-02-24,2025-04-19,Single Day Entry,1,False,Australia,2025-02,2025-04,54
Currans Hill,NSW,2567,AU,N,2025-02-24,2025-04-19,Single Day Entry,2,False,Australia,2025-02,2025-04,54
Currans Hill,NSW,2567,AU,N,2025-02-24,2025-04-19,Single Day Entry,4,False,Australia,2025-02,2025-04,54
Lane Cove,NSW,2066,AU,N,2025-02-24,2025-04-11,Reserved Seating,1,False,Australia,2025-02,2025-04,46
Lane Cove,NSW,2066,AU,N,2025-02-24,2025-04-11,Reserved Seating,1,False,Australia,2025-02,2025-04,46
Gosford,NSW,2250,AU,N,2025-02-24,2025-04-19,Single Day Entry,2,False,Australia,2025-02,2025-04,54
Gosford,NSW,2250,AU,N,2025-02-24,2025-04-19,Single Day Entry,1,False,Australia,2025-02,2025-04,54
Raymond Terrace,NSW,2324,AU,N,2025-02-24,2025-04-18,Single Day Entry,1,False,Australia,2025-02,2025-04,53
Raymond Terrace,NSW,2324,AU,N,2025-02-24,2025-04-18,Single Day Entry,4,False,Australia,2025-02,2025-04,53
Kariong,NSW,2250,AU,Y,2025-02-24,2025-04-12,Reserved Seating,4,False,Australia,2025-02,2025-04,47
Riverstone,NSW,2765,AU,Y,2025-02-24,2025-04-13,Single Day Entry,2,False,Australia,2025-02,2025-04,48
Wareemba,NSW,2046,AU,N,2025-02-24,2025-04-14,Single Day Entry,4,False,Australia,2025-02,2025-04,49
Raby,NSW,2566,AU,N,2025-02-24,2025-04-12,Reserved Seating,12,False,Australia,2025-02,2025-04,47
Strathfield,NSW,2135,AU,Y,2025-02-24,2025-04-12,Reserved Seating,2,False,Australia,2025-02,2025-04,47
Strathfield,NSW,2135,AU,Y,2025-02-24,2025-04-12,Reserved Seating,4,False,Australia,2025-02,2025-04,47
Springfield,NSW,2250,AU,N,2025-02-24,2025-04-13,Single Day Entry,2,False,Australia,2025-02,2025-04,48
Springfield,NSW,2250,AU,N,2025-02-24,2025-04-13,Single Day Entry,4,False,Australia,2025-02,2025-04,48
Ingleburn,NSW,2565,AU,Y,2025-02-24,2025-04-20,Single Day Entry,4,False,Australia,2025-02,2025-04,55
Kingswood,NSW,2747,AU,Y,2025-02-24,2025-04-14,Single Day Entry,2,False,Australia,2025-02,2025-04,49
Prospect,NSW,2148,AU,N,2025-02-24,2025-04-18,Single Day Entry,2,False,Australia,2025-02,2025-04,53
Prospect,NSW,2148,AU,N,2025-02-24,2025-04-23,Donation,2,False,Australia,2025-02,2025-04,58
Glenmore Park,NSW,2745,AU,Y,2025-02-24,2025-04-14,Single Day Entry,1,False,Australia,2025-02,2025-04,49
Glenmore Park,NSW,2745,AU,Y,2025-02-24,2025-04-14,Single Day Entry,4,False,Australia,2025-02,2025-04,49
Strathfield,NSW,2135,AU,Y,2025-02-24,2025-04-12,Reserved Seating,2,False,Australia,2025-02,2025-04,47
Strathfield,NSW,2135,AU,Y,2025-02-24,2025-04-12,Reserved Seating,1,False,Australia,2025-02,2025-04,47
Lidcombe,NSW,2141,AU,Y,2025-02-24,2025-04-14,Single Day Entry,2,False,Australia,2025-02,2025-04,49
Gregory Hills,NSW,2557,AU,N,2025-02-24,2025-04-18,Single Day Entry,1,False,Australia,2025-02,2025-04,53
North Ryde,NSW,2113,AU,Y,2025-02-24,2025-04-13,Single Day Entry,2,False,Australia,2025-02,2025-04,48
North Ryde,NSW,2113,AU,Y,2025-02-24,2025-04-13,Single Day Entry,1,False,Australia,2025-02,2025-04,48
North Ryde,NSW,2113,AU,Y,2025-02-24,2025-04-13,Single Day Entry,1,False,Australia,2025-02,2025-04,48
Malabar,NSW,2036,AU,N,2025-02-24,2025-04-14,Single Day Entry,2,False,Australia,2025-02,2025-04,49
Aberglasslyn,NSW,2320,AU,Y,2025-02-24,2025-04-18,Single Day Entry,2,False,Australia,2025-02,2025-04,53
Aberglasslyn,NSW,2320,AU,Y,2025-02-24,2025-04-18,Single Day Entry,1,False,Australia,2025-02,2025-04,53
Bass Hill,NSW,2197,AU,N,2025-02-24,2025-04-15,Single Day Entry,1,False,Australia,2025-02,2025-04,50
Bass Hill,NSW,2197,AU,N,2025-02-24,2025-04-15,Single Day Entry,4,False,Australia,2025-02,2025-04,50
San Remo,NSW,2262,AU,N,2025-02-24,2025-04-19,Single Day Entry,2,False,Australia,2025-02,2025-04,54
Kowloon,,0,HK,N,2025-02-24,2025-04-19,Single Day Entry,4,True,International,2025-02,2025-04,54
Concord,NSW,2137,AU,Y,2025-02-24,2025-04-21,Single Day Entry,2,False,Australia,2025-02,2025-04,56
Concord,NSW,2137,AU,Y,2025-02-24,2025-04-21,Single Day Entry,1,False,Australia,2025-02,2025-04,56
Concord,NSW,2137,AU,Y,2025-02-24,2025-04-23,Give & Gather Bag,1,False,Australia,2025-02,2025-04,58
Ruse,NSW,2560,AU,Y,2025-02-24,2025-04-14,Dino Adventures,2,False,Australia,2025-02,2025-04,49
Ruse,NSW,2560,AU,Y,2025-02-24,2025-04-14,Single Day Entry,1,False,Australia,2025-02,2025-04,49
Ruse,NSW,2560,AU,Y,2025-02-24,2025-04-14,Single Day Entry,1,False,Australia,2025-02,2025-04,49
Parkes,NSW,2870,AU,N,2025-02-24,2025-04-19,Single Day Entry,2,False,Australia,2025-02,2025-04,54
Parkes,NSW,2870,AU,N,2025-02-24,2025-04-19,Single Day Entry,1,False,Australia,2025-02,2025-04,54
Parkes,NSW,2870,AU,N,2025-02-24,2025-04-19,Single Day Entry,2,False,Australia,2025-02,2025-04,54
Parkes,NSW,2870,AU,N,2025-02-24,2025-04-19,Single Day Entry,4,False,Australia,2025-02,2025-04,54
Hamilton,NSW,2303,AU,Y,2025-02-24,2025-04-13,Single Day Entry,1,False,Australia,2025-02,2025-04,48
Hamilton,NSW,2303,AU,Y,2025-02-24,2025-04-13,Single Day Entry,1,False,Australia,2025-02,2025-04,48
Hamilton,NSW,2303,AU,Y,2025-02-24,2025-04-13,Single Day Entry,2,False,Australia,2025-02,2025-04,48
Figtree,NSW,2525,AU,N,2025-02-24,2025-04-18,Single Day Entry,2,False,Australia,2025-02,2025-04,53
Blacktown,NSW,2148,AU,N,2025-02-24,2025-04-18,Single Day Entry,2,False,Australia,2025-02,2025-04,53
Bidwill,NSW,2770,AU,N,2025-02-24,2025-04-14,Single Day Entry,2,False,Australia,2025-02,2025-04,49
Earlwood,NSW,2206,AU,N,2025-02-24,2025-04-18,Single Day Entry,3,False,Australia,2025-02,2025-04,53
North Turramurra,NSW,2074,AU,N,2025-02-24,2025-04-20,Single Day Entry,2,False,Australia,2025-02,2025-04,55
North Turramurra,NSW,2074,AU,N,2025-02-24,2025-04-20,Single Day Entry,1,False,Australia,2025-02,2025-04,55
Wellington,NSW,2820,AU,Y,2025-02-24,2025-04-15,Single Day Entry,1,False,Australia,2025-02,2025-04,50
Wellington,NSW,2820,AU,Y,2025-02-24,2025-04-15,Single Day Entry,2,False,Australia,2025-02,2025-04,50
Baulkham Hills,NSW,2153,AU,Y,2025-02-24,2025-04-14,Single Day Entry,2,False,Australia,2025-02,2025-04,49
Turrella,NSW,2205,AU,N,2025-02-24,2025-04-19,Single Day Entry,2,False,Australia,2025-02,2025-04,54
Brighton-Le-Sands,NSW,2216,AU,Y,2025-02-24,2025-04-21,Bianco - The Viewing,1,False,Australia,2025-02,2025-04,56
Brighton-Le-Sands,NSW,2216,AU,Y,2025-02-24,2025-04-21,Single Day Entry,2,False,Australia,2025-02,2025-04,56
Bankstown,NSW,2200,AU,Y,2025-02-24,2025-04-13,Single Day Entry,4,False,Australia,2025-02,2025-04,48
Hurstville,NSW,2220,AU,Y,2025-02-24,2025-04-15,Single Day Entry,1,False,Australia,2025-02,2025-04,50
Baulkham Hills,NSW,2153,AU,Y,2025-02-24,2025-04-13,Angus Steakhouse,2,False,Australia,2025-02,2025-04,48
Baulkham Hills,NSW,2153,AU,Y,2025-02-24,2025-04-13,Single Day Entry,2,False,Australia,2025-02,2025-04,48
Lake Bathurst,NSW,2580,AU,N,2025-02-24,2025-04-14,Single Day Entry,2,False,Australia,2025-02,2025-04,49
Mount Pritchard,NSW,2170,AU,Y,2025-02-24,2025-04-14,Single Day Entry,1,False,Australia,2025-02,2025-04,49
Mount Pritchard,NSW,2170,AU,Y,2025-02-24,2025-04-14,Single Day Entry,1,False,Australia,2025-02,2025-04,49
Mount Pritchard,NSW,2170,AU,Y,2025-02-24,2025-04-14,Single Day Entry,1,False,Australia,2025-02,2025-04,49
Hughes,ACT,2605,AU,Y,2025-02-24,2025-04-12,Reserved Seating,4,False,Australia,2025-02,2025-04,47
Leumeah,NSW,2560,AU,Y,2025-02-24,2025-04-18,Single Day Entry,2,False,Australia,2025-02,2025-04,53
Alexandria,NSW,2015,AU,N,2025-02-24,2025-04-20,Single Day Entry,2,False,Australia,2025-02,2025-04,55
Wangi Wangi,NSW,2267,AU,Y,2025-02-24,2025-04-11,Reserved Seating,1,False,Australia,2025-02,2025-04,46
Wangi Wangi,NSW,2267,AU,Y,2025-02-24,2025-04-11,Reserved Seating,1,False,Australia,2025-02,2025-04,46
Wangi Wangi,NSW,2267,AU,Y,2025-02-24,2025-04-11,Reserved Seating,1,False,Australia,2025-02,2025-04,46
Botany,NSW,2019,AU,N,2025-02-24,2025-04-19,Single Day Entry,4,False,Australia,2025-02,2025-04,54
Canada Bay,NSW,2046,AU,Y,2025-02-24,2025-04-13,Single Day Entry,2,False,Australia,2025-02,2025-04,48
Rhodes,NSW,2138,AU,Y,2025-02-24,2025-04-15,Single Day Entry,1,False,Australia,2025-02,2025-04,50
Rhodes,NSW,2138,AU,Y,2025-02-24,2025-04-15,Single Day Entry,1,False,Australia,2025-02,2025-04,50
Wollongong,NSW,2500,AU,N,2025-02-24,2025-04-14,Dino Adventures,5,False,Australia,2025-02,2025-04,49
Wollongong,NSW,2500,AU,N,2025-02-24,2025-04-14,Single Day Entry,2,False,Australia,2025-02,2025-04,49
Wollongong,NSW,2500,AU,N,2025-02-24,2025-04-14,Single Day Entry,1,False,Australia,2025-02,2025-04,49
Wollongong,NSW,2500,AU,N,2025-02-24,2025-04-14,Single Day Entry,4,False,Australia,2025-02,2025-04,49
Erskine Park,NSW,2759,AU,N,2025-02-24,2025-04-13,Single Day Entry,2,False,Australia,2025-02,2025-04,48
Erskine Park,NSW,2759,AU,N,2025-02-24,2025-04-13,Single Day Entry,4,False,Australia,2025-02,2025-04,48
Ashfield,NSW,2131,AU,N,2025-02-24,2025-04-15,Single Day Entry,4,False,Australia,2025-02,2025-04,50
Edmondson Park,NSW,2174,AU,Y,2025-02-24,2025-04-20,Single Day Entry,4,False,Australia,2025-02,2025-04,55
Hunters Hill,NSW,2110,AU,N,2025-02-24,2025-04-18,Single Day Entry,2,False,Australia,2025-02,2025-04,53
Oxley Park,NSW,2760,AU,Y,2025-02-24,2025-04-20,Single Day Entry,5,False,Australia,2025-02,2025-04,55
Oxley Park,NSW,2760,AU,Y,2025-02-24,2025-04-20,Single Day Entry,1,False,Australia,2025-02,2025-04,55
Georges Hall,NSW,2198,AU,Y,2025-02-24,2025-04-13,Single Day Entry,2,False,Australia,2025-02,2025-04,48
Hurstville,NSW,2074,AU,Y,2025-02-24,2025-04-12,Reserved Seating,1,False,Australia,2025-02,2025-04,47
Hurstville,NSW,2074,AU,Y,2025-02-24,2025-04-12,Reserved Seating,4,False,Australia,2025-02,2025-04,47
Beverly Hills,NSW,2209,AU,Y,2025-02-24,2025-04-14,Single Day Entry,2,False,Australia,2025-02,2025-04,49
Glenmore Park,NSW,2745,AU,N,2025-02-24,2025-04-19,Single Day Entry,1,False,Australia,2025-02,2025-04,54
Glenmore Park,NSW,2745,AU,N,2025-02-24,2025-04-19,Single Day Entry,4,False,Australia,2025-02,2025-04,54
Murrumbeena,VIC,3163,AU,Y,2025-02-24,2025-04-20,Single Day Entry,1,False,Australia,2025-02,2025-04,55
Murrumbeena,VIC,3163,AU,Y,2025-02-24,2025-04-20,Single Day Entry,1,False,Australia,2025-02,2025-04,55
Murrumbeena,VIC,3163,AU,Y,2025-02-24,2025-04-20,Single Day Entry,4,False,Australia,2025-02,2025-04,55
Auburn,NSW,2144,AU,Y,2025-02-24,2025-04-18,Single Day Entry,1,False,Australia,2025-02,2025-04,53
Auburn,NSW,2144,AU,Y,2025-02-24,2025-04-18,Single Day Entry,1,False,Australia,2025-02,2025-04,53
Auburn,NSW,2144,AU,Y,2025-02-24,2025-04-18,Single Day Entry,2,False,Australia,2025-02,2025-04,53
Darlinghurst,NSW,2010,AU,N,2025-02-24,2025-04-15,Single Day Entry,1,False,Australia,2025-02,2025-04,50
Darlinghurst,NSW,2010,AU,N,2025-02-24,2025-04-15,Single Day Entry,1,False,Australia,2025-02,2025-04,50
Peakhurst Heights,NSW,2210,AU,Y,2025-02-24,2025-04-12,Angus Steakhouse,3,False,Australia,2025-02,2025-04,47
Peakhurst Heights,NSW,2210,AU,Y,2025-02-24,2025-04-12,Reserved Seating,1,False,Australia,2025-02,2025-04,47
Peakhurst Heights,NSW,2210,AU,Y,2025-02-24,2025-04-12,Reserved Seating,4,False,Australia,2025-02,2025-04,47
South Windsor,NSW,2756,AU,Y,2025-02-24,2025-04-15,Single Day Entry,1,False,Australia,2025-02,2025-04,50
South Windsor,NSW,2756,AU,Y,2025-02-24,2025-04-15,Single Day Entry,1,False,Australia,2025-02,2025-04,50
South Windsor,NSW,2756,AU,Y,2025-02-24,2025-04-15,Single Day Entry,1,False,Australia,2025-02,2025-04,50
Bowral,NSW,2576,AU,Y,2025-02-24,2025-04-12,Reserved Seating,2,False,Australia,2025-02,2025-04,47
Bowral,NSW,2576,AU,Y,2025-02-24,2025-04-12,Reserved Seating,1,False,Australia,2025-02,2025-04,47
Gordon,NSW,2072,AU,Y,2025-02-24,2025-04-14,Single Day Entry,1,False,Australia,2025-02,2025-04,49
Blackheath,NSW,2785,AU,Y,2025-02-24,2025-04-13,Reserved Seating,2,False,Australia,2025-02,2025-04,48
Blackheath,NSW,2785,AU,Y,2025-02-24,2025-04-13,Reserved Seating,1,False,Australia,2025-02,2025-04,48
Blackheath,NSW,2785,AU,Y,2025-02-24,2025-04-13,Reserved Seating,4,False,Australia,2025-02,2025-04,48
Forresters Beach,NSW,2260,AU,N,2025-02-24,2025-04-13,Single Day Entry,2,False,Australia,2025-02,2025-04,48
Forresters Beach,NSW,2260,AU,N,2025-02-24,2025-04-13,Single Day Entry,4,False,Australia,2025-02,2025-04,48
Blackheath,NSW,2785,AU,N,2025-02-24,2025-04-14,Single Day Entry,2,False,Australia,2025-02,2025-04,49
Blackheath,NSW,2785,AU,N,2025-02-24,2025-04-14,Single Day Entry,1,False,Australia,2025-02,2025-04,49
Blackheath,NSW,2785,AU,N,2025-02-24,2025-04-14,Single Day Entry,4,False,Australia,2025-02,2025-04,49
Engadine,NSW,2233,AU,Y,2025-02-24,2025-04-13,Single Day Entry,1,False,Australia,2025-02,2025-04,48
Engadine,NSW,2233,AU,Y,2025-02-24,2025-04-13,Single Day Entry,2,False,Australia,2025-02,2025-04,48
Gordon,NSW,2072,AU,Y,2025-02-24,2025-04-15,Single Day Entry,1,False,Australia,2025-02,2025-04,50
Greenwich,NSW,2065,AU,Y,2025-02-24,2025-04-15,Single Day Entry,2,False,Australia,2025-02,2025-04,50
Chatswood,NSW,2067,AU,N,2025-02-24,2025-04-21,Single Day Entry,4,False,Australia,2025-02,2025-04,56
Chatswood,NSW,2067,AU,N,2025-02-24,2025-04-21,Single Day Entry,1,False,Australia,2025-02,2025-04,56
Chatswood,NSW,2067,AU,N,2025-02-24,2025-04-21,Single Day Entry,1,False,Australia,2025-02,2025-04,56
Sydney,NSW,2148,AU,Y,2025-02-24,2025-04-20,Single Day Entry,1,False,Australia,2025-02,2025-04,55
Sydney,NSW,2148,AU,Y,2025-02-24,2025-04-20,Single Day Entry,1,False,Australia,2025-02,2025-04,55
Sydney,NSW,2148,AU,Y,2025-02-24,2025-04-20,Single Day Entry,4,False,Australia,2025-02,2025-04,55
Kensington,NSW,2033,AU,Y,2025-02-24,2025-04-23,Give & Gather Bag,1,False,Australia,2025-02,2025-04,58
Lake Munmorah,NSW,2259,AU,Y,2025-02-24,2025-04-14,Single Day Entry,1,False,Australia,2025-02,2025-04,49
Point Piper,NSW,2027,AU,Y,2025-02-24,2025-04-13,Reserved Seating,3,False,Australia,2025-02,2025-04,48
Point Piper,NSW,2027,AU,Y,2025-02-24,2025-04-13,Reserved Seating,1,False,Australia,2025-02,2025-04,48
Glen Alpine,NSW,2560,AU,Y,2025-02-24,2025-04-19,Single Day Entry,2,False,Australia,2025-02,2025-04,54
Glen Alpine,NSW,2560,AU,Y,2025-02-24,2025-04-19,Single Day Entry,1,False,Australia,2025-02,2025-04,54
Elderslie,NSW,2570,AU,N,2025-02-24,2025-04-14,Single Day Entry,1,False,Australia,2025-02,2025-04,49
Adamstown,NSW,2289,AU,Y,2025-02-24,2025-04-18,Single Day Entry,2,False,Australia,2025-02,2025-04,53
Adamstown,NSW,2289,AU,Y,2025-02-24,2025-04-18,Single Day Entry,1,False,Australia,2025-02,2025-04,53
Adamstown,NSW,2289,AU,Y,2025-02-24,2025-04-18,Single Day Entry,1,False,Australia,2025-02,2025-04,53
Surry Hills,NSW,2010,AU,Y,2025-02-24,2025-04-14,Single Day Entry,1,False,Australia,2025-02,2025-04,49
Kaleen,ACT,2617,AU,N,2025-02-24,2025-04-18,Single Day Entry,2,False,Australia,2025-02,2025-04,53
Kaleen,ACT,2617,AU,N,2025-02-24,2025-04-18,Single Day Entry,1,False,Australia,2025-02,2025-04,53
Kaleen,ACT,2617,AU,N,2025-02-24,2025-04-18,Single Day Entry,1,False,Australia,2025-02,2025-04,53
Allawah,NSW,2218,AU,N,2025-02-24,2025-04-14,Single Day Entry,2,False,Australia,2025-02,2025-04,49
Asquith,NSW,2077,AU,Y,2025-02-24,2025-04-18,Single Day Entry,4,False,Australia,2025-02,2025-04,53
Gregory Hills,NSW,2557,AU,N,2025-02-24,2025-04-19,Single Day Entry,4,False,Australia,2025-02,2025-04,54
Calderwood,NSW,2527,AU,Y,2025-02-24,2025-04-15,Single Day Entry,2,False,Australia,2025-02,2025-04,50
Calderwood,NSW,2527,AU,Y,2025-02-24,2025-04-15,Single Day Entry,1,False,Australia,2025-02,2025-04,50
West Ryde,NSW,2114,AU,N,2025-02-24,2025-04-11,Reserved Seating,2,False,Australia,2025-02,2025-04,46
Croydon,NSW,2132,AU,N,2025-02-24,2025-04-19,Single Day Entry,1,False,Australia,2025-02,2025-04,54
Croydon,NSW,2132,AU,N,2025-02-24,2025-04-19,Single Day Entry,2,False,Australia,2025-02,2025-04,54
Blacktown,NSW,2148,AU,Y,2025-02-24,2025-04-15,Single Day Entry,1,False,Australia,2025-02,2025-04,50
Blacktown,NSW,2148,AU,Y,2025-02-24,2025-04-15,Single Day Entry,2,False,Australia,2025-02,2025-04,50
Leumeah,NSW,2560,AU,N,2025-02-24,2025-04-12,Reserved Seating,3,False,Australia,2025-02,2025-04,47
Engadine,NSW,2233,AU,Y,2025-02-24,2025-04-18,Single Day Entry,2,False,Australia,2025-02,2025-04,53
Forde,ACT,2914,AU,Y,2025-02-24,2025-04-19,Single Day Entry,1,False,Australia,2025-02,2025-04,54
Penrith,NSW,2750,AU,Y,2025-02-24,2025-04-18,Single Day Entry,2,False,Australia,2025-02,2025-04,53
Marsden Park,NSW,2765,AU,Y,2025-02-24,2025-04-14,Single Day Entry,2,False,Australia,2025-02,2025-04,49
Sydney,NSW,2205,AU,Y,2025-02-24,2025-04-13,Reserved Seating,2,False,Australia,2025-02,2025-04,48
Sydney,NSW,2205,AU,Y,2025-02-24,2025-04-13,Reserved Seating,4,False,Australia,2025-02,2025-04,48
Wattle Ponds,NSW,2330,AU,N,2025-02-24,2025-04-11,Dino Adventures,3,False,Australia,2025-02,2025-04,46
Wattle Ponds,NSW,2330,AU,N,2025-02-24,2025-04-11,Reserved Seating,1,False,Australia,2025-02,2025-04,46
Wattle Ponds,NSW,2330,AU,N,2025-02-24,2025-04-11,Reserved Seating,2,False,Australia,2025-02,2025-04,46
Matraville,NSW,2036,AU,Y,2025-02-24,2025-04-18,Single Day Entry,2,False,Australia,2025-02,2025-04,53
Matraville,NSW,2036,AU,Y,2025-02-24,2025-04-18,Single Day Entry,1,False,Australia,2025-02,2025-04,53
Oran Park,NSW,2570,AU,Y,2025-02-24,2025-04-15,Dino Adventures,5,False,Australia,2025-02,2025-04,50
Oran Park,NSW,2570,AU,Y,2025-02-24,2025-04-15,Single Day Entry,1,False,Australia,2025-02,2025-04,50
Oran Park,NSW,2570,AU,Y,2025-02-24,2025-04-15,Single Day Entry,4,False,Australia,2025-02,2025-04,50
Croydon Park,NSW,2133,AU,Y,2025-02-24,2025-04-13,Single Day Entry,1,False,Australia,2025-02,2025-04,48
Oxley Park,NSW,2760,AU,Y,2025-02-24,2025-04-12,After 4pm Entry,3,False,Australia,2025-02,2025-04,47
Balgownie,NSW,2219,AU,Y,2025-02-24,2025-04-14,Single Day Entry,1,False,Australia,2025-02,2025-04,49
Balgownie,NSW,2219,AU,Y,2025-02-24,2025-04-14,Single Day Entry,1,False,Australia,2025-02,2025-04,49
Chester Hill,NSW,2162,AU,N,2025-02-24,2025-04-18,Single Day Entry,3,False,Australia,2025-02,2025-04,53
Chester Hill,NSW,2162,AU,N,2025-02-24,2025-04-18,Single Day Entry,1,False,Australia,2025-02,2025-04,53
Wattle Grove,NSW,2173,AU,N,2025-02-24,2025-04-18,Single Day Entry,2,False,Australia,2025-02,2025-04,53
Wattle Grove,NSW,2173,AU,N,2025-02-24,2025-04-18,Single Day Entry,1,False,Australia,2025-02,2025-04,53
Birrong,NSW,2143,AU,Y,2025-02-24,2025-04-18,Single Day Entry,2,False,Australia,2025-02,2025-04,53
Bargo,NSW,2574,AU,Y,2025-02-24,2025-04-14,Single Day Entry,2,False,Australia,2025-02,2025-04,49
Dundas Valley,NSW,2117,AU,N,2025-02-24,2025-04-12,Reserved Seating,2,False,Australia,2025-02,2025-04,47
Dundas Valley,NSW,2117,AU,N,2025-02-24,2025-04-12,Reserved Seating,1,False,Australia,2025-02,2025-04,47
Winston Hills,NSW,2153,AU,Y,2025-02-24,2025-04-18,Single Day Entry,4,False,Australia,2025-02,2025-04,53
Enmore,NSW,2042,AU,Y,2025-02-24,2025-04-14,Single Day Entry,2,False,Australia,2025-02,2025-04,49
Lane Cove,NSW,2066,AU,Y,2025-02-24,2025-04-14,Single Day Entry,1,False,Australia,2025-02,2025-04,49
Lane Cove,NSW,2066,AU,Y,2025-02-24,2025-04-14,Single Day Entry,4,False,Australia,2025-02,2025-04,49
Mascot,NSW,2020,AU,N,2025-02-24,2025-04-18,Single Day Entry,2,False,Australia,2025-02,2025-04,53
Marsfield,NSW,2122,AU,Y,2025-02-24,2025-04-18,Single Day Entry,4,False,Australia,2025-02,2025-04,53
Rose Bay,NSW,2029,AU,Y,2025-02-24,2025-04-20,Single Day Entry,4,False,Australia,2025-02,2025-04,55
Strathfield,NSW,2135,AU,Y,2025-02-24,2025-04-13,Reserved Seating,2,False,Australia,2025-02,2025-04,48
Armidale,NSW,2350,AU,Y,2025-02-24,2025-04-19,Single Day Entry,3,False,Australia,2025-02,2025-04,54
Tharbogang,NSW,2680,AU,N,2025-02-24,2025-04-19,Single Day Entry,2,False,Australia,2025-02,2025-04,54
Tharbogang,NSW,2680,AU,N,2025-02-24,2025-04-19,Single Day Entry,2,False,Australia,2025-02,2025-04,54
Tharbogang,NSW,2680,AU,N,2025-02-24,2025-04-19,Single Day Entry,2,False,Australia,2025-02,2025-04,54
The Ponds,NSW,2769,AU,N,2025-02-24,2025-04-18,Single Day Entry,2,False,Australia,2025-02,2025-04,53
Wilton,NSW,2571,AU,Y,2025-02-24,2025-04-20,Single Day Entry,1,False,Australia,2025-02,2025-04,55
Junee,NSW,2663,AU,Y,2025-02-24,2025-04-14,Reserved Seating,1,False,Australia,2025-02,2025-04,49
Hamlyn Terrace,NSW,2259,AU,Y,2025-02-24,2025-04-14,Single Day Entry,1,False,Australia,2025-02,2025-04,49
Hamlyn Terrace,NSW,2259,AU,Y,2025-02-24,2025-04-14,Single Day Entry,1,False,Australia,2025-02,2025-04,49
Mount Hutton,NSW,2290,AU,Y,2025-02-24,2025-04-18,Single Day Entry,2,False,Australia,2025-02,2025-04,53
Lethbridge Park,NSW,2770,AU,Y,2025-02-24,2025-04-12,Reserved Seating,2,False,Australia,2025-02,2025-04,47
Lethbridge Park,NSW,2770,AU,Y,2025-02-24,2025-04-12,Reserved Seating,4,False,Australia,2025-02,2025-04,47
Wetherill Park,NSW,2164,AU,Y,2025-02-24,2025-04-12,Reserved Seating,4,False,Australia,2025-02,2025-04,47
Wetherill Park,NSW,2164,AU,Y,2025-02-24,2025-04-12,Reserved Seating,1,False,Australia,2025-02,2025-04,47
Clovelly,NSW,2031,AU,Y,2025-02-24,2025-04-14,Single Day Entry,2,False,Australia,2025-02,2025-04,49
Clovelly,NSW,2031,AU,Y,2025-02-24,2025-04-14,Single Day Entry,1,False,Australia,2025-02,2025-04,49
Flinders,NSW,2529,AU,N,2025-02-24,2025-04-19,Single Day Entry,1,False,Australia,2025-02,2025-04,54
Flinders,NSW,2529,AU,N,2025-02-24,2025-04-19,Single Day Entry,1,False,Australia,2025-02,2025-04,54
Flinders,NSW,2529,AU,N,2025-02-24,2025-04-19,Single Day Entry,1,False,Australia,2025-02,2025-04,54
Wauchope,NSW,2446,AU,Y,2025-02-24,2025-04-13,Single Day Entry,8,False,Australia,2025-02,2025-04,48
Wauchope,NSW,2446,AU,Y,2025-02-24,2025-04-13,Single Day Entry,1,False,Australia,2025-02,2025-04,48
Wauchope,NSW,2446,AU,Y,2025-02-24,2025-04-13,Single Day Entry,2,False,Australia,2025-02,2025-04,48
Forestville,NSW,2087,AU,Y,2025-02-24,2025-04-13,Single Day Entry,3,False,Australia,2025-02,2025-04,48
Ermington,NSW,2115,AU,Y,2025-02-24,2025-04-19,Single Day Entry,2,False,Australia,2025-02,2025-04,54
Ermington,NSW,2115,AU,Y,2025-02-24,2025-04-19,Single Day Entry,1,False,Australia,2025-02,2025-04,54
Ashbury,NSW,2193,AU,N,2025-02-24,2025-04-13,Single Day Entry,4,False,Australia,2025-02,2025-04,48
Cowra,NSW,2794,AU,Y,2025-02-24,2025-04-14,Single Day Entry,1,False,Australia,2025-02,2025-04,49
Cowra,NSW,2794,AU,Y,2025-02-24,2025-04-14,Single Day Entry,1,False,Australia,2025-02,2025-04,49
Faulconbridge,NSW,2776,AU,Y,2025-02-24,2025-04-19,Single Day Entry,2,False,Australia,2025-02,2025-04,54
Peakhurst,NSW,2210,AU,Y,2025-02-24,2025-04-14,Reserved Seating,1,False,Australia,2025-02,2025-04,49
Peakhurst,NSW,2210,AU,Y,2025-02-24,2025-04-14,Reserved Seating,4,False,Australia,2025-02,2025-04,49
Merrylands,NSW,2160,AU,N,2025-02-24,2025-04-14,Single Day Entry,1,False,Australia,2025-02,2025-04,49
East Corrimal,NSW,2518,AU,Y,2025-02-24,2025-04-11,Dino Adventures,2,False,Australia,2025-02,2025-04,46
East Corrimal,NSW,2518,AU,Y,2025-02-24,2025-04-11,Reserved Seating,2,False,Australia,2025-02,2025-04,46
Casula,NSW,2170,AU,N,2025-02-24,2025-04-19,Single Day Entry,2,False,Australia,2025-02,2025-04,54
Killarney Vale,NSW,2261,AU,Y,2025-02-24,2025-04-13,Single Day Entry,4,False,Australia,2025-02,2025-04,48
Turramurra,NSW,2074,AU,Y,2025-02-24,2025-04-19,Single Day Entry,2,False,Australia,2025-02,2025-04,54
Newport,NSW,2106,AU,N,2025-02-25,2025-04-12,Single Day Entry,1,False,Australia,2025-02,2025-04,46
Tseung Kwan O,,852,HK,N,2025-02-25,2025-04-17,Reserved Seating,1,True,International,2025-02,2025-04,51
North Kellyville,NSW,2155,AU,Y,2025-02-25,2025-04-16,Single Day Entry,2,False,Australia,2025-02,2025-04,50
Medowie,NSW,2318,AU,Y,2025-02-25,2025-04-17,Reserved Seating,4,False,Australia,2025-02,2025-04,51
Sydney,NSW,2770,AU,Y,2025-02-25,2025-04-12,Single Day Entry,1,False,Australia,2025-02,2025-04,46
Sydney,NSW,2770,AU,Y,2025-02-25,2025-04-12,Single Day Entry,1,False,Australia,2025-02,2025-04,46
Sydney,NSW,2770,AU,Y,2025-02-25,2025-04-12,Single Day Entry,4,False,Australia,2025-02,2025-04,46
Gymea,NSW,2227,AU,N,2025-02-25,2025-04-16,Single Day Entry,2,False,Australia,2025-02,2025-04,50
Rockdale,NSW,2216,AU,N,2025-02-25,2025-04-12,Single Day Entry,4,False,Australia,2025-02,2025-04,46
Rockdale,NSW,2216,AU,N,2025-02-25,2025-04-12,Single Day Entry,1,False,Australia,2025-02,2025-04,46
Stream Hill,NSW,2526,AU,Y,2025-02-25,2025-04-16,Single Day Entry,1,False,Australia,2025-02,2025-04,50
Stream Hill,NSW,2526,AU,Y,2025-02-25,2025-04-16,Single Day Entry,4,False,Australia,2025-02,2025-04,50
Harrison,ACT,2914,AU,Y,2025-02-25,2025-04-12,Single Day Entry,1,False,Australia,2025-02,2025-04,46
Wattle Grove,NSW,2173,AU,N,2025-02-25,2025-04-12,Single Day Entry,2,False,Australia,2025-02,2025-04,46
Cambridge Park,NSW,2747,AU,N,2025-02-25,2025-04-12,Single Day Entry,4,False,Australia,2025-02,2025-04,46
Balgowlah,NSW,2093,AU,Y,2025-02-25,2025-04-12,Single Day Entry,2,False,Australia,2025-02,2025-04,46
Balgowlah,NSW,2093,AU,Y,2025-02-25,2025-04-12,Single Day Entry,1,False,Australia,2025-02,2025-04,46
Casula,NSW,2170,AU,N,2025-02-25,2025-04-17,Single Day Entry,2,False,Australia,2025-02,2025-04,51
Casula,NSW,2170,AU,N,2025-02-25,2025-04-17,Single Day Entry,1,False,Australia,2025-02,2025-04,51
Canley Heights,NSW,2166,AU,Y,2025-02-25,2025-04-12,Single Day Entry,4,False,Australia,2025-02,2025-04,46
Leppington,NSW,2179,AU,Y,2025-02-25,2025-04-12,Single Day Entry,1,False,Australia,2025-02,2025-04,46
Prairiewood,NSW,2176,AU,Y,2025-02-25,2025-04-22,Single Day Entry,1,False,Australia,2025-02,2025-04,56
Prairiewood,NSW,2176,AU,Y,2025-02-25,2025-04-22,Single Day Entry,1,False,Australia,2025-02,2025-04,56
Darlinghurst,NSW,2010,AU,N,2025-02-25,2025-04-12,Angus Steakhouse,1,False,Australia,2025-02,2025-04,46
Darlinghurst,NSW,2010,AU,N,2025-02-25,2025-04-12,Single Day Entry,1,False,Australia,2025-02,2025-04,46
South Wentworthville,NSW,2145,AU,Y,2025-02-25,2025-04-12,Single Day Entry,2,False,Australia,2025-02,2025-04,46
Roseville,NSW,2069,AU,Y,2025-02-25,2025-04-12,Single Day Entry,2,False,Australia,2025-02,2025-04,46
Kembla Grange,NSW,2526,AU,Y,2025-02-25,2025-04-17,Single Day Entry,2,False,Australia,2025-02,2025-04,51
Kembla Grange,NSW,2526,AU,Y,2025-02-25,2025-04-17,Single Day Entry,1,False,Australia,2025-02,2025-04,51
Kembla Grange,NSW,2526,AU,Y,2025-02-25,2025-04-17,Single Day Entry,4,False,Australia,2025-02,2025-04,51
Seaforth,NSW,2092,AU,Y,2025-02-25,2025-04-12,Single Day Entry,1,False,Australia,2025-02,2025-04,46
Seaforth,NSW,2092,AU,Y,2025-02-25,2025-04-12,Single Day Entry,4,False,Australia,2025-02,2025-04,46
Mount Keira,NSW,2500,AU,Y,2025-02-25,2025-04-12,Single Day Entry,4,False,Australia,2025-02,2025-04,46
Illawong,NSW,2234,AU,N,2025-02-25,2025-04-12,Single Day Entry,4,False,Australia,2025-02,2025-04,46
North St Marys,NSW,2760,AU,Y,2025-02-25,2025-04-12,Single Day Entry,1,False,Australia,2025-02,2025-04,46
North St Marys,NSW,2760,AU,Y,2025-02-25,2025-04-12,Single Day Entry,2,False,Australia,2025-02,2025-04,46
Camperdown,NSW,2050,AU,Y,2025-02-25,2025-04-12,Single Day Entry,4,False,Australia,2025-02,2025-04,46
Rhodes,NSW,2138,AU,Y,2025-02-25,2025-04-12,Single Day Entry,2,False,Australia,2025-02,2025-04,46
Coredaux Heights,NSW,2526,AU,Y,2025-02-25,2025-04-18,Reserved Seating,4,False,Australia,2025-02,2025-04,52
Kirribilli,NSW,2061,AU,Y,2025-02-25,2025-04-12,Single Day Entry,1,False,Australia,2025-02,2025-04,46
Kirribilli,NSW,2061,AU,Y,2025-02-25,2025-04-12,Single Day Entry,4,False,Australia,2025-02,2025-04,46
Inala,QLD,4077,AU,Y,2025-02-25,2025-04-12,Single Day Entry,4,False,Australia,2025-02,2025-04,46
Edmondson Park,NSW,2174,AU,Y,2025-02-25,2025-04-22,Single Day Entry,2,False,Australia,2025-02,2025-04,56
Nulkaba,NSW,2325,AU,N,2025-02-25,2025-04-17,Single Day Entry,2,False,Australia,2025-02,2025-04,51
Newtown,NSW,2043,AU,Y,2025-02-25,2025-04-12,Single Day Entry,4,False,Australia,2025-02,2025-04,46
Sans Souci,NSW,2219,AU,Y,2025-02-25,2025-04-17,Single Day Entry,1,False,Australia,2025-02,2025-04,51
Sans Souci,NSW,2219,AU,Y,2025-02-25,2025-04-17,Single Day Entry,1,False,Australia,2025-02,2025-04,51
Albion Park Rail,NSW,2527,AU,N,2025-02-25,2025-04-17,Single Day Entry,1,False,Australia,2025-02,2025-04,51
Albion Park Rail,NSW,2527,AU,N,2025-02-25,2025-04-17,Single Day Entry,1,False,Australia,2025-02,2025-04,51
nan,,,,N,2025-02-25,2025-04-12,Single Day Entry,1,True,International,2025-02,2025-04,46
nan,,,,N,2025-02-25,2025-04-12,Single Day Entry,1,True,International,2025-02,2025-04,46
Shalvey,NSW,2770,AU,Y,2025-02-25,2025-04-11,Single Day Entry,2,False,Australia,2025-02,2025-04,45
Shalvey,NSW,2770,AU,Y,2025-02-25,2025-04-11,Single Day Entry,2,False,Australia,2025-02,2025-04,45
Petersham,NSW,2049,AU,Y,2025-02-25,2025-04-11,Single Day Entry,4,False,Australia,2025-02,2025-04,45
Faulconbridge,NSW,2776,AU,Y,2025-02-25,2025-04-11,Single Day Entry,1,False,Australia,2025-02,2025-04,45
Faulconbridge,NSW,2776,AU,Y,2025-02-25,2025-04-11,Single Day Entry,1,False,Australia,2025-02,2025-04,45
Wentworth Point,NSW,2127,AU,N,2025-02-25,2025-04-11,Single Day Entry,2,False,Australia,2025-02,2025-04,45
Umina Beach,NSW,2257,AU,Y,2025-02-25,2025-04-11,Single Day Entry,1,False,Australia,2025-02,2025-04,45
Umina Beach,NSW,2257,AU,Y,2025-02-25,2025-04-11,Single Day Entry,2,False,Australia,2025-02,2025-04,45
St Clair,NSW,2759,AU,N,2025-02-25,2025-04-11,Single Day Entry,1,False,Australia,2025-02,2025-04,45
St Clair,NSW,2759,AU,N,2025-02-25,2025-04-11,Single Day Entry,1,False,Australia,2025-02,2025-04,45
Redhead,NSW,2290,AU,Y,2025-02-25,2025-04-11,Single Day Entry,2,False,Australia,2025-02,2025-04,45
Redhead,NSW,2290,AU,Y,2025-02-25,2025-04-11,Single Day Entry,2,False,Australia,2025-02,2025-04,45
Redhead,NSW,2290,AU,Y,2025-02-25,2025-04-11,Single Day Entry,3,False,Australia,2025-02,2025-04,45
Glenmore Park,NSW,2745,AU,Y,2025-02-25,2025-04-11,Single Day Entry,2,False,Australia,2025-02,2025-04,45
Drummoyne,NSW,2047,AU,Y,2025-02-25,2025-04-11,Single Day Entry,4,False,Australia,2025-02,2025-04,45
Docklands,VIC,3008,AU,Y,2025-02-25,2025-04-11,Single Day Entry,1,False,Australia,2025-02,2025-04,45
Randwick,NSW,2031,AU,Y,2025-02-25,2025-04-11,Single Day Entry,1,False,Australia,2025-02,2025-04,45
Cronulla,NSW,2230,AU,Y,2025-02-25,2025-04-11,Single Day Entry,4,False,Australia,2025-02,2025-04,45
Cronulla,NSW,2230,AU,Y,2025-02-25,2025-04-23,Give & Gather Bag,1,False,Australia,2025-02,2025-04,57
Sydney,NSW,2000,AU,Y,2025-02-25,2025-04-11,Single Day Entry,1,False,Australia,2025-02,2025-04,45
Sydney,NSW,2000,AU,Y,2025-02-25,2025-04-11,Single Day Entry,1,False,Australia,2025-02,2025-04,45
Ashfield,NSW,2131,AU,Y,2025-02-25,2025-04-11,After 4pm Entry,2,False,Australia,2025-02,2025-04,45
Bella Vista,NSW,2153,AU,Y,2025-02-25,2025-04-11,After 4pm Entry,2,False,Australia,2025-02,2025-04,45
Bella Vista,NSW,2153,AU,Y,2025-02-25,2025-04-11,After 4pm Entry,1,False,Australia,2025-02,2025-04,45
Lane Cove North,NSW,2066,AU,N,2025-02-25,2025-04-11,After 4pm Entry,2,False,Australia,2025-02,2025-04,45
Dalkeith,,,GB,N,2025-02-25,2025-04-19,Reserved Seating,2,True,International,2025-02,2025-04,53
Lidcombe,NSW,2141,AU,Y,2025-02-25,2025-04-19,Reserved Seating,1,False,Australia,2025-02,2025-04,53
Ncr,,1500,PH,Y,2025-02-25,2025-04-20,Dino Adventures,8,True,International,2025-02,2025-04,54
Ncr,,1500,PH,Y,2025-02-25,2025-04-20,Reserved Seating,4,True,International,2025-02,2025-04,54
Ncr,,1500,PH,Y,2025-02-25,2025-04-20,Reserved Seating,4,True,International,2025-02,2025-04,54
Neath,NSW,2326,AU,Y,2025-02-25,2025-04-21,Reserved Seating,4,False,Australia,2025-02,2025-04,55
Narrabri,NSW,2390,AU,N,2025-02-25,2025-04-21,Big Bush BBQ,4,False,Australia,2025-02,2025-04,55
Narrabri,NSW,2390,AU,N,2025-02-25,2025-04-21,Reserved Seating,4,False,Australia,2025-02,2025-04,55
Willoughby,NSW,2068,AU,Y,2025-02-25,2025-04-21,Reserved Seating,2,False,Australia,2025-02,2025-04,55
Willoughby,NSW,2068,AU,Y,2025-02-25,2025-04-21,Reserved Seating,2,False,Australia,2025-02,2025-04,55
Caringbah,NSW,2229,AU,N,2025-02-25,2025-04-21,Reserved Seating,2,False,Australia,2025-02,2025-04,55
Caringbah,NSW,2229,AU,N,2025-02-25,2025-04-21,Reserved Seating,1,False,Australia,2025-02,2025-04,55
Riverstone,NSW,2765,AU,N,2025-02-25,2025-04-15,Single Day Entry,2,False,Australia,2025-02,2025-04,49
Paddington,NSW,2021,AU,N,2025-02-25,2025-04-13,Dino Adventures,4,False,Australia,2025-02,2025-04,47
Paddington,NSW,2021,AU,N,2025-02-25,2025-04-13,Single Day Entry,4,False,Australia,2025-02,2025-04,47
Cattai,NSW,2756,AU,Y,2025-02-25,2025-04-15,Single Day Entry,2,False,Australia,2025-02,2025-04,49
Belmore,NSW,2192,AU,N,2025-02-25,2025-04-14,Reserved Seating,2,False,Australia,2025-02,2025-04,48
Belmore,NSW,2192,AU,N,2025-02-25,2025-04-14,Reserved Seating,4,False,Australia,2025-02,2025-04,48
Schofields,NSW,2762,AU,Y,2025-02-25,2025-04-11,Reserved Seating,1,False,Australia,2025-02,2025-04,45
Schofields,NSW,2762,AU,Y,2025-02-25,2025-04-11,Reserved Seating,4,False,Australia,2025-02,2025-04,45
Lantau Island,,0,HK,N,2025-02-25,2025-04-15,Big Bush BBQ,2,True,International,2025-02,2025-04,49
Lantau Island,,0,HK,N,2025-02-25,2025-04-15,Single Day Entry,4,True,International,2025-02,2025-04,49
Cessnock,NSW,2325,AU,N,2025-02-25,2025-04-14,Single Day Entry,1,False,Australia,2025-02,2025-04,48
Cessnock,NSW,2325,AU,N,2025-02-25,2025-04-14,Single Day Entry,1,False,Australia,2025-02,2025-04,48
Yuen Long,,0,HK,N,2025-02-25,2025-04-11,Reserved Seating,2,True,International,2025-02,2025-04,45
Kennedy Town,,852,HK,N,2025-02-25,2025-04-13,Single Day Entry,1,True,International,2025-02,2025-04,47
Kennedy Town,,852,HK,N,2025-02-25,2025-04-13,Single Day Entry,4,True,International,2025-02,2025-04,47
Hamlyn Terrace,NSW,2259,AU,Y,2025-02-25,2025-04-13,Single Day Entry,4,False,Australia,2025-02,2025-04,47
Aberglasslyn,NSW,2320,AU,Y,2025-02-25,2025-04-15,Single Day Entry,1,False,Australia,2025-02,2025-04,49
Aberglasslyn,NSW,2320,AU,Y,2025-02-25,2025-04-15,Single Day Entry,1,False,Australia,2025-02,2025-04,49
Emu Plains,NSW,2750,AU,Y,2025-02-25,2025-04-14,Big Bush BBQ,1,False,Australia,2025-02,2025-04,48
Emu Plains,NSW,2750,AU,Y,2025-02-25,2025-04-14,Dino Adventures,1,False,Australia,2025-02,2025-04,48
Emu Plains,NSW,2750,AU,Y,2025-02-25,2025-04-14,Single Day Entry,1,False,Australia,2025-02,2025-04,48
Emu Plains,NSW,2750,AU,Y,2025-02-25,2025-04-23,Give & Gather Bag,1,False,Australia,2025-02,2025-04,57
Hobartville,NSW,2753,AU,N,2025-02-25,2025-04-15,Single Day Entry,1,False,Australia,2025-02,2025-04,49
Engadine,NSW,2233,AU,N,2025-02-25,2025-04-13,Single Day Entry,2,False,Australia,2025-02,2025-04,47
Engadine,NSW,2233,AU,N,2025-02-25,2025-04-13,Single Day Entry,1,False,Australia,2025-02,2025-04,47
Collaroy Plateau,NSW,2097,AU,Y,2025-02-25,2025-04-14,Single Day Entry,2,False,Australia,2025-02,2025-04,48
Griffith,ACT,2603,AU,N,2025-02-25,2025-04-15,Single Day Entry,2,False,Australia,2025-02,2025-04,49
Thornleigh,NSW,2120,AU,Y,2025-02-25,2025-04-18,Single Day Entry,4,False,Australia,2025-02,2025-04,52
Galston,NSW,2158,AU,N,2025-02-25,2025-04-21,Single Day Entry,2,False,Australia,2025-02,2025-04,55
Gowrie Mountain,QLD,4350,AU,Y,2025-02-25,2025-04-18,Single Day Entry,2,False,Australia,2025-02,2025-04,52
West Pennant Hills,NSW,2125,AU,Y,2025-02-25,2025-04-12,After 4pm Entry,2,False,Australia,2025-02,2025-04,46
West Pennant Hills,NSW,2125,AU,Y,2025-02-25,2025-04-12,After 4pm Entry,2,False,Australia,2025-02,2025-04,46
Seaforth,NSW,2092,AU,Y,2025-02-25,2025-04-18,Single Day Entry,2,False,Australia,2025-02,2025-04,52
Moss Vale,NSW,2577,AU,Y,2025-02-25,2025-04-19,Single Day Entry,2,False,Australia,2025-02,2025-04,53
Moss Vale,NSW,2577,AU,Y,2025-02-25,2025-04-19,Single Day Entry,1,False,Australia,2025-02,2025-04,53
Moss Vale,NSW,2577,AU,Y,2025-02-25,2025-04-19,Single Day Entry,1,False,Australia,2025-02,2025-04,53
Warwick Farm,NSW,2170,AU,Y,2025-02-25,2025-04-13,Single Day Entry,1,False,Australia,2025-02,2025-04,47
Warwick Farm,NSW,2170,AU,Y,2025-02-25,2025-04-13,Single Day Entry,4,False,Australia,2025-02,2025-04,47
Aranda,ACT,2614,AU,Y,2025-02-25,2025-04-18,Single Day Entry,4,False,Australia,2025-02,2025-04,52
Kensington,NSW,2033,AU,Y,2025-02-25,2025-04-13,Single Day Entry,2,False,Australia,2025-02,2025-04,47
Aranda,ACT,2614,AU,Y,2025-02-25,2025-04-19,Single Day Entry,4,False,Australia,2025-02,2025-04,53
Horsley,NSW,2530,AU,Y,2025-02-25,2025-04-14,Single Day Entry,1,False,Australia,2025-02,2025-04,48
Horsley,NSW,2530,AU,Y,2025-02-25,2025-04-14,Single Day Entry,1,False,Australia,2025-02,2025-04,48
Quakers Hill,NSW,2763,AU,N,2025-02-25,2025-04-14,Single Day Entry,1,False,Australia,2025-02,2025-04,48
Warwick Farm,NSW,2170,AU,Y,2025-02-25,2025-04-13,Single Day Entry,1,False,Australia,2025-02,2025-04,47
Wahroonga,NSW,2076,AU,Y,2025-02-25,2025-04-13,Single Day Entry,2,False,Australia,2025-02,2025-04,47
Breakfast Point,NSW,2137,AU,Y,2025-02-25,2025-04-13,Single Day Entry,2,False,Australia,2025-02,2025-04,47
Pymble,NSW,2073,AU,Y,2025-02-25,2025-04-12,After 4pm Entry,2,False,Australia,2025-02,2025-04,46
Pymble,NSW,2073,AU,Y,2025-02-25,2025-04-12,After 4pm Entry,1,False,Australia,2025-02,2025-04,46
Breakfast Point,NSW,2137,AU,Y,2025-02-25,2025-04-18,Single Day Entry,4,False,Australia,2025-02,2025-04,52
Windale,NSW,2306,AU,Y,2025-02-25,2025-04-20,Single Day Entry,1,False,Australia,2025-02,2025-04,54
Windale,NSW,2306,AU,Y,2025-02-25,2025-04-20,Single Day Entry,1,False,Australia,2025-02,2025-04,54
Windale,NSW,2306,AU,Y,2025-02-25,2025-04-20,Single Day Entry,1,False,Australia,2025-02,2025-04,54
St Ives,NSW,2075,AU,Y,2025-02-25,2025-04-19,Single Day Entry,4,False,Australia,2025-02,2025-04,53
Appin,NSW,2560,AU,Y,2025-02-25,2025-04-13,Single Day Entry,1,False,Australia,2025-02,2025-04,47
Bligh Park,NSW,2756,AU,Y,2025-02-25,2025-04-13,Single Day Entry,2,False,Australia,2025-02,2025-04,47
Beverley Park,NSW,2217,AU,Y,2025-02-25,2025-04-14,Single Day Entry,1,False,Australia,2025-02,2025-04,48
Beverley Park,NSW,2217,AU,Y,2025-02-25,2025-04-14,Single Day Entry,1,False,Australia,2025-02,2025-04,48
Beverley Park,NSW,2217,AU,Y,2025-02-25,2025-04-14,Single Day Entry,1,False,Australia,2025-02,2025-04,48
Blackbutt,NSW,2529,AU,N,2025-02-25,2025-04-15,Single Day Entry,1,False,Australia,2025-02,2025-04,49
Blackbutt,NSW,2529,AU,N,2025-02-25,2025-04-15,Single Day Entry,1,False,Australia,2025-02,2025-04,49
Port Macquarie,NSW,2444,AU,Y,2025-02-25,2025-04-12,Reserved Seating,1,False,Australia,2025-02,2025-04,46
Tahmoor,NSW,2573,AU,N,2025-02-25,2025-04-14,Single Day Entry,2,False,Australia,2025-02,2025-04,48
Gables,NSW,2765,AU,Y,2025-02-25,2025-04-15,Single Day Entry,4,False,Australia,2025-02,2025-04,49
Epping,NSW,2121,AU,N,2025-02-25,2025-04-13,Single Day Entry,2,False,Australia,2025-02,2025-04,47
Gladesville,NSW,2111,AU,Y,2025-02-25,2025-04-13,Single Day Entry,4,False,Australia,2025-02,2025-04,47
Waitara,NSW,2077,AU,Y,2025-02-25,2025-04-14,Single Day Entry,1,False,Australia,2025-02,2025-04,48
Waitara,NSW,2077,AU,Y,2025-02-25,2025-04-14,Single Day Entry,2,False,Australia,2025-02,2025-04,48
Inala,QLD,4077,AU,Y,2025-02-25,2025-04-14,Single Day Entry,4,False,Australia,2025-02,2025-04,48
Ashbury,NSW,2193,AU,N,2025-02-25,2025-04-18,Single Day Entry,2,False,Australia,2025-02,2025-04,52
Ashbury,NSW,2193,AU,N,2025-02-25,2025-04-18,Single Day Entry,4,False,Australia,2025-02,2025-04,52
Curl Curl,NSW,2096,AU,Y,2025-02-25,2025-04-13,Big Bush BBQ,2,False,Australia,2025-02,2025-04,47
Curl Curl,NSW,2096,AU,Y,2025-02-25,2025-04-13,Reserved Seating,2,False,Australia,2025-02,2025-04,47
Balmain,NSW,2041,AU,Y,2025-02-25,2025-04-15,Single Day Entry,2,False,Australia,2025-02,2025-04,49
Balmain,NSW,2041,AU,Y,2025-02-25,2025-04-23,Give & Gather Bag,1,False,Australia,2025-02,2025-04,57
Crows Nest,NSW,2065,AU,N,2025-02-25,2025-04-13,Single Day Entry,2,False,Australia,2025-02,2025-04,47
nan,,,,Y,2025-02-24,2025-04-11,Single Day Entry,1,True,International,2025-02,2025-04,46
nan,,,,N,2025-02-24,2025-04-17,Reserved Seating,1,True,International,2025-02,2025-04,52
nan,,,,N,2025-02-24,2025-04-14,Single Day Entry,1,True,International,2025-02,2025-04,49
Erskineville,NSW,2043,AU,N,2025-02-25,2025-04-11,Dino Adventures,2,False,Australia,2025-02,2025-04,45
Erskineville,NSW,2043,AU,N,2025-02-25,2025-04-11,Single Day Entry,4,False,Australia,2025-02,2025-04,45
Penshurst,NSW,2222,AU,Y,2025-02-25,2025-04-22,Single Day Entry,1,False,Australia,2025-02,2025-04,56
Seven Hills,NSW,2147,AU,Y,2025-02-25,2025-04-12,Big Bush BBQ,6,False,Australia,2025-02,2025-04,46
Seven Hills,NSW,2147,AU,Y,2025-02-25,2025-04-12,Single Day Entry,1,False,Australia,2025-02,2025-04,46
Seven Hills,NSW,2147,AU,Y,2025-02-25,2025-04-12,Single Day Entry,1,False,Australia,2025-02,2025-04,46
Seven Hills,NSW,2147,AU,Y,2025-02-25,2025-04-12,Single Day Entry,4,False,Australia,2025-02,2025-04,46
Harrington Nsw,NSW,2427,AU,Y,2025-02-25,2025-04-16,Single Day Entry,4,False,Australia,2025-02,2025-04,50
Kingsford,NSW,2032,AU,N,2025-02-25,2025-04-17,Bianco - The Viewing,1,False,Australia,2025-02,2025-04,51
Kingsford,NSW,2032,AU,N,2025-02-25,2025-04-17,Single Day Entry,2,False,Australia,2025-02,2025-04,51
Greenvalley,NSW,2168,AU,Y,2025-02-25,2025-04-22,Single Day Entry,2,False,Australia,2025-02,2025-04,56
Sydenham,NSW,2044,AU,Y,2025-02-25,2025-04-17,Single Day Entry,2,False,Australia,2025-02,2025-04,51
Dulwich Hill,NSW,2203,AU,Y,2025-02-25,2025-04-12,Single Day Entry,1,False,Australia,2025-02,2025-04,46
Dulwich Hill,NSW,2203,AU,Y,2025-02-25,2025-04-12,Single Day Entry,1,False,Australia,2025-02,2025-04,46
Cameron Park,NSW,2285,AU,Y,2025-02-25,2025-04-17,Single Day Entry,4,False,Australia,2025-02,2025-04,51
Annandale,NSW,2038,AU,Y,2025-02-25,2025-04-17,Single Day Entry,4,False,Australia,2025-02,2025-04,51
Parramatta,NSW,2150,AU,Y,2025-02-25,2025-04-12,Single Day Entry,1,False,Australia,2025-02,2025-04,46
Parramatta,NSW,2150,AU,Y,2025-02-25,2025-04-12,Single Day Entry,1,False,Australia,2025-02,2025-04,46
Fairfield,NSW,2165,AU,Y,2025-02-25,2025-04-22,Single Day Entry,1,False,Australia,2025-02,2025-04,56
Fairfield,NSW,2165,AU,Y,2025-02-25,2025-04-22,Single Day Entry,1,False,Australia,2025-02,2025-04,56
Fairfield,NSW,2165,AU,Y,2025-02-25,2025-04-22,Single Day Entry,1,False,Australia,2025-02,2025-04,56
Glendenning,NSW,2761,AU,Y,2025-02-25,2025-04-12,Single Day Entry,2,False,Australia,2025-02,2025-04,46
Sydney,NSW,2223,AU,N,2025-02-25,2025-04-17,Single Day Entry,2,False,Australia,2025-02,2025-04,51
Figtree,NSW,2525,AU,Y,2025-02-25,2025-04-12,Single Day Entry,2,False,Australia,2025-02,2025-04,46
Turramurra,NSW,2074,AU,Y,2025-02-25,2025-04-16,Reserved Seating,1,False,Australia,2025-02,2025-04,50
Turramurra,NSW,2074,AU,Y,2025-02-25,2025-04-16,Reserved Seating,4,False,Australia,2025-02,2025-04,50
Lake Illawarra,NSW,2528,AU,Y,2025-02-25,2025-04-12,Single Day Entry,1,False,Australia,2025-02,2025-04,46
Sutherland,NSW,2232,AU,Y,2025-02-25,2025-04-17,Single Day Entry,4,False,Australia,2025-02,2025-04,51
North Kellyville,NSW,2155,AU,N,2025-02-25,2025-04-16,Single Day Entry,2,False,Australia,2025-02,2025-04,50
North Kellyville,NSW,2155,AU,N,2025-02-25,2025-04-16,Single Day Entry,1,False,Australia,2025-02,2025-04,50
Cecil Hills,NSW,2171,AU,N,2025-02-25,2025-04-12,Single Day Entry,2,False,Australia,2025-02,2025-04,46
Engadine,NSW,2233,AU,Y,2025-02-25,2025-04-17,Single Day Entry,2,False,Australia,2025-02,2025-04,51
Croydon,NSW,2132,AU,N,2025-02-25,2025-04-12,Single Day Entry,4,False,Australia,2025-02,2025-04,46
Hillcrest,QLD,4118,AU,Y,2025-02-25,2025-04-17,Single Day Entry,8,False,Australia,2025-02,2025-04,51
Mosman,NSW,2088,AU,Y,2025-02-25,2025-04-12,Single Day Entry,2,False,Australia,2025-02,2025-04,46
Mosman,NSW,2088,AU,Y,2025-02-25,2025-04-12,Single Day Entry,1,False,Australia,2025-02,2025-04,46
Urunga,NSW,2455,AU,Y,2025-02-25,2025-04-17,Single Day Entry,1,False,Australia,2025-02,2025-04,51
Nowra Hill,NSW,2540,AU,Y,2025-02-25,2025-04-12,Single Day Entry,1,False,Australia,2025-02,2025-04,46
Nowra Hill,NSW,2540,AU,Y,2025-02-25,2025-04-12,Single Day Entry,2,False,Australia,2025-02,2025-04,46
Koolewong,NSW,2256,AU,Y,2025-02-25,2025-04-16,Single Day Entry,2,False,Australia,2025-02,2025-04,50
Redfern,NSW,2016,AU,N,2025-02-25,2025-04-12,Single Day Entry,2,False,Australia,2025-02,2025-04,46
Merrylands West,NSW,2160,AU,N,2025-02-25,2025-04-16,Reserved Seating,1,False,Australia,2025-02,2025-04,50
Merrylands West,NSW,2160,AU,N,2025-02-25,2025-04-16,Reserved Seating,1,False,Australia,2025-02,2025-04,50
Woy Woy,NSW,2256,AU,Y,2025-02-25,2025-04-22,Single Day Entry,2,False,Australia,2025-02,2025-04,56
Cambridge Park,NSW,2747,AU,Y,2025-02-25,2025-04-12,Single Day Entry,5,False,Australia,2025-02,2025-04,46
Maitland,NSW,2320,AU,N,2025-02-25,2025-04-12,Single Day Entry,6,False,Australia,2025-02,2025-04,46
Maitland,NSW,2320,AU,N,2025-02-25,2025-04-12,Single Day Entry,14,False,Australia,2025-02,2025-04,46
Leumeah,NSW,2560,AU,Y,2025-02-25,2025-04-17,Single Day Entry,2,False,Australia,2025-02,2025-04,51
Blacktown,NSW,2148,AU,Y,2025-02-25,2025-04-23,Donation,1,False,Australia,2025-02,2025-04,57
Blacktown,NSW,2148,AU,Y,2025-02-25,2025-04-12,Single Day Entry,1,False,Australia,2025-02,2025-04,46
Blacktown,NSW,2148,AU,Y,2025-02-25,2025-04-12,Single Day Entry,1,False,Australia,2025-02,2025-04,46
Riverstone,NSW,2762,AU,Y,2025-02-25,2025-04-19,After 4pm Entry,2,False,Australia,2025-02,2025-04,53
Cabarita,NSW,2137,AU,Y,2025-02-25,2025-04-19,After 4pm Entry,2,False,Australia,2025-02,2025-04,53
Thornton,NSW,2322,AU,Y,2025-02-25,2025-04-12,Dino Adventures,6,False,Australia,2025-02,2025-04,46
Thornton,NSW,2322,AU,Y,2025-02-25,2025-04-12,Single Day Entry,2,False,Australia,2025-02,2025-04,46
Thornton,NSW,2322,AU,Y,2025-02-25,2025-04-12,Single Day Entry,1,False,Australia,2025-02,2025-04,46
Thornton,NSW,2322,AU,Y,2025-02-25,2025-04-12,Single Day Entry,4,False,Australia,2025-02,2025-04,46
Ruse,NSW,2560,AU,Y,2025-02-25,2025-04-22,Single Day Entry,4,False,Australia,2025-02,2025-04,56
Warragamba,NSW,2752,AU,Y,2025-02-25,2025-04-12,Single Day Entry,2,False,Australia,2025-02,2025-04,46
Middleton Grange,NSW,2171,AU,Y,2025-02-25,2025-04-12,Single Day Entry,1,False,Australia,2025-02,2025-04,46
Middleton Grange,NSW,2171,AU,Y,2025-02-25,2025-04-12,Single Day Entry,4,False,Australia,2025-02,2025-04,46
Casey,ACT,2913,AU,Y,2025-02-25,2025-04-12,Single Day Entry,3,False,Australia,2025-02,2025-04,46
Guildford,NSW,2161,AU,N,2025-02-25,2025-04-20,After 4pm Entry,1,False,Australia,2025-02,2025-04,54
Guildford,NSW,2161,AU,N,2025-02-25,2025-04-20,After 4pm Entry,1,False,Australia,2025-02,2025-04,54
Falls Creek,NSW,2540,AU,Y,2025-02-25,2025-04-17,Single Day Entry,2,False,Australia,2025-02,2025-04,51
Falls Creek,NSW,2540,AU,Y,2025-02-25,2025-04-17,Single Day Entry,1,False,Australia,2025-02,2025-04,51
Castle Hill,NSW,2154,AU,N,2025-02-25,2025-04-12,Single Day Entry,4,False,Australia,2025-02,2025-04,46
Marrickville,NSW,2208,AU,N,2025-02-25,2025-04-12,Single Day Entry,4,False,Australia,2025-02,2025-04,46
Leonay,NSW,2750,AU,Y,2025-02-25,2025-04-12,Single Day Entry,2,False,Australia,2025-02,2025-04,46
The Entrance,NSW,2261,AU,Y,2025-02-25,2025-04-17,Single Day Entry,1,False,Australia,2025-02,2025-04,51
The Entrance,NSW,2261,AU,Y,2025-02-25,2025-04-17,Single Day Entry,1,False,Australia,2025-02,2025-04,51
Baulkham Hills,NSW,2153,AU,Y,2025-02-25,2025-04-12,Single Day Entry,1,False,Australia,2025-02,2025-04,46
Baulkham Hills,NSW,2153,AU,Y,2025-02-25,2025-04-12,Single Day Entry,2,False,Australia,2025-02,2025-04,46
Thirlmere,NSW,2572,AU,Y,2025-02-25,2025-04-12,Single Day Entry,2,False,Australia,2025-02,2025-04,46
Artarmon,NSW,2064,AU,Y,2025-02-25,2025-04-17,Reserved Seating,4,False,Australia,2025-02,2025-04,51
Wattle Grove,NSW,2173,AU,N,2025-02-25,2025-04-18,After 4pm Entry,1,False,Australia,2025-02,2025-04,52
Nth Parramatta,NSW,2151,AU,Y,2025-02-25,2025-04-14,Big Bush BBQ,2,False,Australia,2025-02,2025-04,48
Kahibah,NSW,2290,AU,Y,2025-02-25,2025-04-17,Single Day Entry,2,False,Australia,2025-02,2025-04,51
Mascot,NSW,2020,AU,Y,2025-02-25,2025-04-17,Single Day Entry,2,False,Australia,2025-02,2025-04,51
Auburn,NSW,2144,AU,N,2025-02-25,2025-04-22,Single Day Entry,1,False,Australia,2025-02,2025-04,56
Auburn,NSW,2144,AU,N,2025-02-25,2025-04-22,Single Day Entry,1,False,Australia,2025-02,2025-04,56
Green Valley,NSW,2168,AU,N,2025-02-25,2025-04-12,Single Day Entry,2,False,Australia,2025-02,2025-04,46
Jilliby,NSW,2259,AU,Y,2025-02-25,2025-04-16,Single Day Entry,2,False,Australia,2025-02,2025-04,50
Sydney,NSW,2196,AU,Y,2025-02-25,2025-04-22,Single Day Entry,2,False,Australia,2025-02,2025-04,56
Sydney,NSW,2196,AU,Y,2025-02-25,2025-04-22,Single Day Entry,2,False,Australia,2025-02,2025-04,56
Jilliby,NSW,2259,AU,Y,2025-02-25,2025-04-17,Single Day Entry,2,False,Australia,2025-02,2025-04,51
Cambridge Park,NSW,2747,AU,Y,2025-02-25,2025-04-12,Single Day Entry,2,False,Australia,2025-02,2025-04,46
Epping,NSW,2121,AU,Y,2025-02-25,2025-04-12,Dino Adventures,2,False,Australia,2025-02,2025-04,46
Epping,NSW,2121,AU,Y,2025-02-25,2025-04-12,Single Day Entry,2,False,Australia,2025-02,2025-04,46
Cardiff South,NSW,2285,AU,Y,2025-02-25,2025-04-12,Single Day Entry,2,False,Australia,2025-02,2025-04,46
Fairfield East,NSW,2165,AU,Y,2025-02-25,2025-04-18,After 4pm Entry,2,False,Australia,2025-02,2025-04,52
Nelson Bay,NSW,2315,AU,Y,2025-02-25,2025-04-12,Single Day Entry,1,False,Australia,2025-02,2025-04,46
Nelson Bay,NSW,2315,AU,Y,2025-02-25,2025-04-12,Single Day Entry,4,False,Australia,2025-02,2025-04,46
Five Dock,NSW,2046,AU,N,2025-02-25,2025-04-12,Single Day Entry,2,False,Australia,2025-02,2025-04,46
Sadleir,NSW,2168,AU,N,2025-02-25,2025-04-22,Dino Adventures,4,False,Australia,2025-02,2025-04,56
Sadleir,NSW,2168,AU,N,2025-02-25,2025-04-22,Single Day Entry,4,False,Australia,2025-02,2025-04,56
St Helens Park,NSW,2560,AU,N,2025-02-25,2025-04-12,Single Day Entry,2,False,Australia,2025-02,2025-04,46
Liverpool,NSW,2170,AU,N,2025-02-25,2025-04-14,After 4pm Entry,2,False,Australia,2025-02,2025-04,48
Liverpool,NSW,2170,AU,N,2025-02-25,2025-04-14,After 4pm Entry,2,False,Australia,2025-02,2025-04,48
Liverpool,NSW,2170,AU,N,2025-02-25,2025-04-14,After 4pm Entry,1,False,Australia,2025-02,2025-04,48
Collaroy,NSW,2097,AU,Y,2025-02-25,2025-04-23,Donation,1,False,Australia,2025-02,2025-04,57
Collaroy,NSW,2097,AU,Y,2025-02-25,2025-04-12,Single Day Entry,2,False,Australia,2025-02,2025-04,46
Neutral Bay,NSW,2089,AU,N,2025-02-25,2025-04-18,Reserved Seating,2,False,Australia,2025-02,2025-04,52
Neutral Bay,NSW,2089,AU,N,2025-02-25,2025-04-18,Reserved Seating,1,False,Australia,2025-02,2025-04,52
Sydney,NSW,2171,AU,Y,2025-02-25,2025-04-16,Single Day Entry,2,False,Australia,2025-02,2025-04,50
North Tamworth,NSW,2340,AU,N,2025-02-25,2025-04-17,Big Bush BBQ,2,False,Australia,2025-02,2025-04,51
North Tamworth,NSW,2340,AU,N,2025-02-25,2025-04-17,Dino Adventures,2,False,Australia,2025-02,2025-04,51
North Tamworth,NSW,2340,AU,N,2025-02-25,2025-04-17,Reserved Seating,2,False,Australia,2025-02,2025-04,51
Peregian Springs,QLD,4573,AU,Y,2025-02-25,2025-04-12,Single Day Entry,2,False,Australia,2025-02,2025-04,46
Wadalba,NSW,2259,AU,Y,2025-02-25,2025-04-12,Single Day Entry,4,False,Australia,2025-02,2025-04,46
Cranebrook,NSW,2749,AU,N,2025-02-25,2025-04-12,Single Day Entry,2,False,Australia,2025-02,2025-04,46
Farmborough Heights,NSW,2526,AU,N,2025-02-25,2025-04-22,Big Bush BBQ,5,False,Australia,2025-02,2025-04,56
Farmborough Heights,NSW,2526,AU,N,2025-02-25,2025-04-22,Bianco - The Viewing,2,False,Australia,2025-02,2025-04,56
Farmborough Heights,NSW,2526,AU,N,2025-02-25,2025-04-22,Single Day Entry,1,False,Australia,2025-02,2025-04,56
Farmborough Heights,NSW,2526,AU,N,2025-02-25,2025-04-22,Single Day Entry,4,False,Australia,2025-02,2025-04,56
Canada Bay,NSW,2046,AU,Y,2025-02-25,2025-04-22,Dino Adventures,2,False,Australia,2025-02,2025-04,56
Canada Bay,NSW,2046,AU,Y,2025-02-25,2025-04-22,Single Day Entry,2,False,Australia,2025-02,2025-04,56
Canada Bay,NSW,2046,AU,Y,2025-02-25,2025-04-22,Single Day Entry,1,False,Australia,2025-02,2025-04,56
Wentworth Point,NSW,2127,AU,N,2025-02-25,2025-04-16,Single Day Entry,4,False,Australia,2025-02,2025-04,50
Punchbowl,NSW,2196,AU,Y,2025-02-25,2025-04-12,Single Day Entry,2,False,Australia,2025-02,2025-04,46
Brightwaters,NSW,2264,AU,Y,2025-02-25,2025-04-22,Single Day Entry,2,False,Australia,2025-02,2025-04,56
Glebe,NSW,2037,AU,Y,2025-02-25,2025-04-17,Big Bush BBQ,4,False,Australia,2025-02,2025-04,51
Glebe,NSW,2037,AU,Y,2025-02-25,2025-04-17,Single Day Entry,4,False,Australia,2025-02,2025-04,51
Cabramatta,NSW,2166,AU,Y,2025-02-25,2025-04-12,Single Day Entry,2,False,Australia,2025-02,2025-04,46
Springwood,NSW,2777,AU,Y,2025-02-25,2025-04-14,After 4pm Entry,4,False,Australia,2025-02,2025-04,48
Springwood,NSW,2777,AU,Y,2025-02-25,2025-04-14,After 4pm Entry,4,False,Australia,2025-02,2025-04,48
Burwood,NSW,2134,AU,Y,2025-02-25,2025-04-12,Big Bush BBQ,2,False,Australia,2025-02,2025-04,46
Burwood,NSW,2134,AU,Y,2025-02-25,2025-04-12,Single Day Entry,2,False,Australia,2025-02,2025-04,46
Gymea Bay,NSW,2227,AU,Y,2025-02-25,2025-04-17,Single Day Entry,2,False,Australia,2025-02,2025-04,51
Quakers Hill,NSW,2763,AU,Y,2025-02-25,2025-04-17,Single Day Entry,2,False,Australia,2025-02,2025-04,51
Greystanes,NSW,2145,AU,Y,2025-02-25,2025-04-12,Single Day Entry,1,False,Australia,2025-02,2025-04,46
Greystanes,NSW,2145,AU,Y,2025-02-25,2025-04-12,Single Day Entry,2,False,Australia,2025-02,2025-04,46
Alfords Point,NSW,2234,AU,N,2025-02-25,2025-04-12,Single Day Entry,4,False,Australia,2025-02,2025-04,46
Rizal,,1860,PH,N,2025-02-25,2025-04-18,Reserved Seating,2,True,International,2025-02,2025-04,52
Leppington,NSW,2179,AU,N,2025-02-25,2025-04-12,Single Day Entry,1,False,Australia,2025-02,2025-04,46
Leppington,NSW,2179,AU,N,2025-02-25,2025-04-12,Single Day Entry,1,False,Australia,2025-02,2025-04,46
Jamisontown,NSW,2750,AU,Y,2025-02-25,2025-04-12,Single Day Entry,2,False,Australia,2025-02,2025-04,46
Sutherland,NSW,2232,AU,N,2025-02-25,2025-04-12,Single Day Entry,4,False,Australia,2025-02,2025-04,46
Jannali,NSW,2226,AU,Y,2025-02-25,2025-04-12,Single Day Entry,1,False,Australia,2025-02,2025-04,46
Jannali,NSW,2226,AU,Y,2025-02-25,2025-04-12,Single Day Entry,1,False,Australia,2025-02,2025-04,46
Middleton Grange,NSW,2171,AU,Y,2025-02-25,2025-04-12,Dino Adventures,3,False,Australia,2025-02,2025-04,46
Middleton Grange,NSW,2171,AU,Y,2025-02-25,2025-04-12,Single Day Entry,2,False,Australia,2025-02,2025-04,46
Middleton Grange,NSW,2171,AU,Y,2025-02-25,2025-04-12,Single Day Entry,1,False,Australia,2025-02,2025-04,46
Miranda,NSW,2228,AU,N,2025-02-25,2025-04-12,Single Day Entry,2,False,Australia,2025-02,2025-04,46
Port Kembla,NSW,2505,AU,N,2025-02-25,2025-04-22,Single Day Entry,1,False,Australia,2025-02,2025-04,56
Port Kembla,NSW,2505,AU,N,2025-02-25,2025-04-22,Single Day Entry,1,False,Australia,2025-02,2025-04,56
Lilli Pilli,NSW,2229,AU,Y,2025-02-25,2025-04-17,Single Day Entry,1,False,Australia,2025-02,2025-04,51
Lilli Pilli,NSW,2229,AU,Y,2025-02-25,2025-04-17,Single Day Entry,1,False,Australia,2025-02,2025-04,51
Coffs Harbour,NSW,2450,AU,Y,2025-02-25,2025-04-16,Single Day Entry,1,False,Australia,2025-02,2025-04,50
Coffs Harbour,NSW,2450,AU,Y,2025-02-25,2025-04-16,Single Day Entry,1,False,Australia,2025-02,2025-04,50
Tuggerawong,NSW,2259,AU,Y,2025-02-25,2025-04-12,Single Day Entry,2,False,Australia,2025-02,2025-04,46
Wetherill Park,NSW,2164,AU,N,2025-02-25,2025-04-16,Single Day Entry,5,False,Australia,2025-02,2025-04,50
Kellyville,NSW,2155,AU,Y,2025-02-25,2025-04-12,Single Day Entry,2,False,Australia,2025-02,2025-04,46
Kirrawee,NSW,2232,AU,Y,2025-02-25,2025-04-12,Single Day Entry,2,False,Australia,2025-02,2025-04,46
Kirrawee,NSW,2232,AU,Y,2025-02-25,2025-04-12,Single Day Entry,1,False,Australia,2025-02,2025-04,46
Carlingford,NSW,2118,AU,N,2025-02-25,2025-04-17,Single Day Entry,3,False,Australia,2025-02,2025-04,51
Ramsgate,NSW,2217,AU,Y,2025-02-25,2025-04-22,Single Day Entry,1,False,Australia,2025-02,2025-04,56
Ramsgate,NSW,2217,AU,Y,2025-02-25,2025-04-22,Single Day Entry,2,False,Australia,2025-02,2025-04,56
Ramsgate,NSW,2217,AU,Y,2025-02-25,2025-04-22,Single Day Entry,1,False,Australia,2025-02,2025-04,56
Epping,NSW,2121,AU,Y,2025-02-25,2025-04-12,Big Bush BBQ,3,False,Australia,2025-02,2025-04,46
Epping,NSW,2121,AU,Y,2025-02-25,2025-04-12,Single Day Entry,2,False,Australia,2025-02,2025-04,46
Epping,NSW,2121,AU,Y,2025-02-25,2025-04-12,Single Day Entry,1,False,Australia,2025-02,2025-04,46
St Helens Park,NSW,2560,AU,Y,2025-02-25,2025-04-17,Single Day Entry,4,False,Australia,2025-02,2025-04,51
Eagle Vale,NSW,2558,AU,N,2025-02-25,2025-04-18,Reserved Seating,1,False,Australia,2025-02,2025-04,52
Narrabeen,NSW,2101,AU,Y,2025-02-25,2025-04-15,Reserved Seating,4,False,Australia,2025-02,2025-04,49
nan,,,,N,2025-02-25,2025-04-20,Single Day Entry,4,True,International,2025-02,2025-04,54
nan,,,,N,2025-02-25,2025-04-13,Single Day Entry,1,True,International,2025-02,2025-04,47
nan,,,,N,2025-02-25,2025-04-13,Single Day Entry,4,True,International,2025-02,2025-04,47
Barrack Heights,NSW,2528,AU,Y,2025-02-25,2025-04-22,Single Day Entry,2,False,Australia,2025-02,2025-04,56
Barrack Heights,NSW,2528,AU,Y,2025-02-25,2025-04-22,Single Day Entry,1,False,Australia,2025-02,2025-04,56
Balgownie,NSW,2519,AU,Y,2025-02-25,2025-04-20,After 4pm Entry,2,False,Australia,2025-02,2025-04,54
Maryland,NSW,2287,AU,Y,2025-02-25,2025-04-16,Dino Adventures,2,False,Australia,2025-02,2025-04,50
Maryland,NSW,2287,AU,Y,2025-02-25,2025-04-16,Single Day Entry,4,False,Australia,2025-02,2025-04,50
Newington,NSW,2127,AU,N,2025-02-25,2025-04-12,Single Day Entry,2,False,Australia,2025-02,2025-04,46
Frenchs Forest,NSW,2086,AU,Y,2025-02-25,2025-04-17,Single Day Entry,2,False,Australia,2025-02,2025-04,51
Quakers Hill,NSW,2763,AU,Y,2025-02-25,2025-04-12,Single Day Entry,2,False,Australia,2025-02,2025-04,46
Regents Park,QLD,4118,AU,Y,2025-02-25,2025-04-15,Dino Adventures,7,False,Australia,2025-02,2025-04,49
Regents Park,QLD,4118,AU,Y,2025-02-25,2025-04-15,Reserved Seating,1,False,Australia,2025-02,2025-04,49
Regents Park,QLD,4118,AU,Y,2025-02-25,2025-04-15,Reserved Seating,2,False,Australia,2025-02,2025-04,49
Regents Park,QLD,4118,AU,Y,2025-02-25,2025-04-15,Reserved Seating,4,False,Australia,2025-02,2025-04,49
Caringbah,NSW,2229,AU,Y,2025-02-25,2025-04-17,After 4pm Entry,2,False,Australia,2025-02,2025-04,51
Largs,NSW,2320,AU,Y,2025-02-25,2025-04-16,Single Day Entry,1,False,Australia,2025-02,2025-04,50
Epping,NSW,2121,AU,Y,2025-02-25,2025-04-19,After 4pm Entry,2,False,Australia,2025-02,2025-04,53
Epping,NSW,2121,AU,Y,2025-02-25,2025-04-19,After 4pm Entry,1,False,Australia,2025-02,2025-04,53
Kooringal,NSW,2650,AU,N,2025-02-25,2025-04-17,Single Day Entry,1,False,Australia,2025-02,2025-04,51
Kooringal,NSW,2650,AU,N,2025-02-25,2025-04-17,Single Day Entry,1,False,Australia,2025-02,2025-04,51
Hill Top,NSW,2575,AU,Y,2025-02-25,2025-04-17,Single Day Entry,2,False,Australia,2025-02,2025-04,51
Terrigal,NSW,2260,AU,Y,2025-02-25,2025-04-17,Dino Adventures,3,False,Australia,2025-02,2025-04,51
Terrigal,NSW,2260,AU,Y,2025-02-25,2025-04-17,Reserved Seating,2,False,Australia,2025-02,2025-04,51
Terrigal,NSW,2260,AU,Y,2025-02-25,2025-04-17,Reserved Seating,1,False,Australia,2025-02,2025-04,51
Kooringal,NSW,2650,AU,N,2025-02-25,2025-04-22,Single Day Entry,1,False,Australia,2025-02,2025-04,56
Kooringal,NSW,2650,AU,N,2025-02-25,2025-04-22,Single Day Entry,1,False,Australia,2025-02,2025-04,56
Hunterview,NSW,2330,AU,Y,2025-02-25,2025-04-16,Single Day Entry,1,False,Australia,2025-02,2025-04,50
Hunterview,NSW,2330,AU,Y,2025-02-25,2025-04-16,Single Day Entry,2,False,Australia,2025-02,2025-04,50
Liverpool,NSW,2170,AU,N,2025-02-25,2025-04-20,After 4pm Entry,1,False,Australia,2025-02,2025-04,54
Picnic Point,NSW,2213,AU,Y,2025-02-25,2025-04-17,Single Day Entry,2,False,Australia,2025-02,2025-04,51
Sydney,NSW,2763,AU,N,2025-02-25,2025-04-12,Single Day Entry,2,False,Australia,2025-02,2025-04,46
North Strathfield,NSW,2137,AU,Y,2025-02-25,2025-04-12,Single Day Entry,2,False,Australia,2025-02,2025-04,46
North Strathfield,NSW,2137,AU,Y,2025-02-25,2025-04-12,Single Day Entry,3,False,Australia,2025-02,2025-04,46
St Georges Basin,NSW,2540,AU,Y,2025-02-25,2025-04-12,Single Day Entry,2,False,Australia,2025-02,2025-04,46
St Georges Basin,NSW,2540,AU,Y,2025-02-25,2025-04-12,Single Day Entry,1,False,Australia,2025-02,2025-04,46
St Georges Basin,NSW,2540,AU,Y,2025-02-25,2025-04-12,Single Day Entry,1,False,Australia,2025-02,2025-04,46
Lindfield,NSW,2070,AU,Y,2025-02-25,2025-04-17,Single Day Entry,1,False,Australia,2025-02,2025-04,51
Lindfield,NSW,2070,AU,Y,2025-02-25,2025-04-17,Single Day Entry,4,False,Australia,2025-02,2025-04,51
Greystanes,NSW,2145,AU,N,2025-02-25,2025-04-16,Single Day Entry,1,False,Australia,2025-02,2025-04,50
Greystanes,NSW,2145,AU,N,2025-02-25,2025-04-16,Single Day Entry,4,False,Australia,2025-02,2025-04,50
Schofields,NSW,2762,AU,Y,2025-02-25,2025-04-16,Single Day Entry,1,False,Australia,2025-02,2025-04,50
Schofields,NSW,2762,AU,Y,2025-02-25,2025-04-16,Single Day Entry,1,False,Australia,2025-02,2025-04,50
Bankstown,NSW,2200,AU,Y,2025-02-25,2025-04-17,Single Day Entry,1,False,Australia,2025-02,2025-04,51
Liverpool,NSW,2170,AU,Y,2025-02-25,2025-04-17,After 4pm Entry,1,False,Australia,2025-02,2025-04,51
Liverpool,NSW,2170,AU,Y,2025-02-25,2025-04-17,After 4pm Entry,1,False,Australia,2025-02,2025-04,51
Panania,NSW,2213,AU,N,2025-02-25,2025-04-16,Single Day Entry,1,False,Australia,2025-02,2025-04,50
Panania,NSW,2213,AU,N,2025-02-25,2025-04-16,Single Day Entry,1,False,Australia,2025-02,2025-04,50
Roseville,NSW,2069,AU,N,2025-02-25,2025-04-16,Single Day Entry,2,False,Australia,2025-02,2025-04,50
Wyoming,NSW,2250,AU,N,2025-02-25,2025-04-22,Single Day Entry,2,False,Australia,2025-02,2025-04,56
Rosemeadow,NSW,2560,AU,Y,2025-02-25,2025-04-12,Single Day Entry,2,False,Australia,2025-02,2025-04,46
Dubbo,NSW,2830,AU,N,2025-02-25,2025-04-12,Single Day Entry,1,False,Australia,2025-02,2025-04,46
Newington,NSW,2127,AU,N,2025-02-25,2025-04-18,Reserved Seating,1,False,Australia,2025-02,2025-04,52
Newington,NSW,2127,AU,N,2025-02-25,2025-04-18,Reserved Seating,1,False,Australia,2025-02,2025-04,52
Edmondson Park,NSW,2174,AU,Y,2025-02-25,2025-04-18,Reserved Seating,1,False,Australia,2025-02,2025-04,52
Edmondson Park,NSW,2174,AU,Y,2025-02-25,2025-04-18,Reserved Seating,1,False,Australia,2025-02,2025-04,52
Mount Druitt,NSW,2770,AU,N,2025-02-25,2025-04-12,Single Day Entry,1,False,Australia,2025-02,2025-04,46
Mount Druitt,NSW,2770,AU,N,2025-02-25,2025-04-12,Single Day Entry,4,False,Australia,2025-02,2025-04,46
Lambton,NSW,2299,AU,Y,2025-02-25,2025-04-12,Single Day Entry,2,False,Australia,2025-02,2025-04,46
Halekulani,NSW,2262,AU,Y,2025-02-25,2025-04-16,Single Day Entry,2,False,Australia,2025-02,2025-04,50
Caringbah,NSW,2229,AU,Y,2025-02-25,2025-04-17,Single Day Entry,1,False,Australia,2025-02,2025-04,51
Stanhope Gardens,NSW,2768,AU,Y,2025-02-25,2025-04-16,Single Day Entry,1,False,Australia,2025-02,2025-04,50
Stanhope Gardens,NSW,2768,AU,Y,2025-02-25,2025-04-16,Single Day Entry,1,False,Australia,2025-02,2025-04,50
Ramsgate Beach,NSW,2217,AU,Y,2025-02-25,2025-04-17,Single Day Entry,1,False,Australia,2025-02,2025-04,51
Ramsgate Beach,NSW,2217,AU,Y,2025-02-25,2025-04-17,Single Day Entry,1,False,Australia,2025-02,2025-04,51
Lake Munmorah,NSW,2259,AU,Y,2025-02-25,2025-04-22,Single Day Entry,2,False,Australia,2025-02,2025-04,56
Lake Munmorah,NSW,2259,AU,Y,2025-02-25,2025-04-22,Single Day Entry,4,False,Australia,2025-02,2025-04,56
Parramatta,NSW,2150,AU,N,2025-02-25,2025-04-12,Single Day Entry,2,False,Australia,2025-02,2025-04,46
Chittaway Bay,NSW,2261,AU,Y,2025-02-25,2025-04-12,Single Day Entry,2,False,Australia,2025-02,2025-04,46
Erskineville,NSW,2043,AU,N,2025-02-25,2025-04-18,Reserved Seating,5,False,Australia,2025-02,2025-04,52
Dapto,NSW,2530,AU,Y,2025-02-25,2025-04-12,Single Day Entry,2,False,Australia,2025-02,2025-04,46
Albion Park Rail,NSW,2527,AU,Y,2025-02-25,2025-04-12,Single Day Entry,2,False,Australia,2025-02,2025-04,46
Parramatta,NSW,2150,AU,Y,2025-02-25,2025-04-17,Single Day Entry,4,False,Australia,2025-02,2025-04,51
Hurstville,NSW,2220,AU,Y,2025-02-25,2025-04-17,Single Day Entry,25,False,Australia,2025-02,2025-04,51
Hornsby,NSW,2077,AU,Y,2025-02-25,2025-04-12,Single Day Entry,2,False,Australia,2025-02,2025-04,46
Hurstville,NSW,2220,AU,Y,2025-02-25,2025-04-12,Single Day Entry,2,False,Australia,2025-02,2025-04,46
Miller,NSW,2168,AU,Y,2025-02-25,2025-04-22,Single Day Entry,1,False,Australia,2025-02,2025-04,56
Miller,NSW,2168,AU,Y,2025-02-25,2025-04-22,Single Day Entry,1,False,Australia,2025-02,2025-04,56
Miller,NSW,2168,AU,Y,2025-02-25,2025-04-22,Single Day Entry,1,False,Australia,2025-02,2025-04,56
Padstow,NSW,2211,AU,Y,2025-02-25,2025-04-12,Single Day Entry,1,False,Australia,2025-02,2025-04,46
Padstow,NSW,2211,AU,Y,2025-02-25,2025-04-12,Single Day Entry,1,False,Australia,2025-02,2025-04,46
Padstow,NSW,2211,AU,Y,2025-02-25,2025-04-12,Single Day Entry,1,False,Australia,2025-02,2025-04,46
nan,,,,N,2025-02-25,2025-04-20,After 4pm Entry,1,True,International,2025-02,2025-04,54
Bondi Junction,NSW,2022,AU,Y,2025-02-25,2025-04-16,After 4pm Entry,3,False,Australia,2025-02,2025-04,50
Oran Park,NSW,2570,AU,N,2025-02-25,2025-04-12,Single Day Entry,4,False,Australia,2025-02,2025-04,46
Higgins,ACT,2615,AU,Y,2025-02-25,2025-04-12,Single Day Entry,2,False,Australia,2025-02,2025-04,46
Macquarie Park,NSW,2113,AU,Y,2025-02-25,2025-04-17,After 4pm Entry,2,False,Australia,2025-02,2025-04,51
Macquarie Park,NSW,2113,AU,Y,2025-02-25,2025-04-17,After 4pm Entry,2,False,Australia,2025-02,2025-04,51
nan,,,,N,2025-02-25,2025-04-11,Single Day Entry,1,True,International,2025-02,2025-04,45
nan,,,,N,2025-02-25,2025-04-19,Reserved Seating,1,True,International,2025-02,2025-04,53
Queens Park,NSW,2022,AU,Y,2025-02-25,2025-04-17,Single Day Entry,1,False,Australia,2025-02,2025-04,51
Queens Park,NSW,2022,AU,Y,2025-02-25,2025-04-17,Single Day Entry,2,False,Australia,2025-02,2025-04,51
Albion Park,NSW,2518,AU,N,2025-02-25,2025-04-12,Single Day Entry,1,False,Australia,2025-02,2025-04,46
Wolli Creek,NSW,2205,AU,Y,2025-02-25,2025-04-12,Single Day Entry,4,False,Australia,2025-02,2025-04,46
Leumeah,NSW,2560,AU,Y,2025-02-25,2025-04-12,Single Day Entry,2,False,Australia,2025-02,2025-04,46
Miranda,NSW,2228,AU,Y,2025-02-25,2025-04-17,Single Day Entry,2,False,Australia,2025-02,2025-04,51
Revesby,NSW,2212,AU,Y,2025-02-25,2025-04-17,Reserved Seating,4,False,Australia,2025-02,2025-04,51
Denham Court,NSW,2565,AU,Y,2025-02-25,2025-04-17,After 4pm Entry,1,False,Australia,2025-02,2025-04,51
Denham Court,NSW,2565,AU,Y,2025-02-25,2025-04-17,After 4pm Entry,1,False,Australia,2025-02,2025-04,51
Point Cook,VIC,3030,AU,Y,2025-02-25,2025-04-12,Single Day Entry,4,False,Australia,2025-02,2025-04,46
Berry,NSW,2535,AU,N,2025-02-25,2025-04-12,Single Day Entry,3,False,Australia,2025-02,2025-04,46
Berry,NSW,2535,AU,N,2025-02-25,2025-04-12,Single Day Entry,1,False,Australia,2025-02,2025-04,46
Shellharbour,NSW,2529,AU,Y,2025-02-25,2025-04-12,Single Day Entry,1,False,Australia,2025-02,2025-04,46
Castle Hill,NSW,2154,AU,N,2025-02-25,2025-04-12,Single Day Entry,2,False,Australia,2025-02,2025-04,46
Millthorpe,NSW,2798,AU,Y,2025-02-25,2025-04-17,Reserved Seating,2,False,Australia,2025-02,2025-04,51
Millthorpe,NSW,2798,AU,Y,2025-02-25,2025-04-17,Reserved Seating,1,False,Australia,2025-02,2025-04,51
Castle Hill,NSW,2154,AU,N,2025-02-25,2025-04-12,Single Day Entry,2,False,Australia,2025-02,2025-04,46
Mount Riverview,NSW,2774,AU,N,2025-02-25,2025-04-12,Single Day Entry,2,False,Australia,2025-02,2025-04,46
Round Corner,NSW,2158,AU,N,2025-02-25,2025-04-15,Reserved Seating,3,False,Australia,2025-02,2025-04,49
Wyoming,NSW,2250,AU,Y,2025-02-25,2025-04-17,Single Day Entry,2,False,Australia,2025-02,2025-04,51
Glen Oak,NSW,2320,AU,Y,2025-02-25,2025-04-12,Big Bush BBQ,2,False,Australia,2025-02,2025-04,46
Hinchinbrook,NSW,2168,AU,N,2025-02-25,2025-04-12,Single Day Entry,2,False,Australia,2025-02,2025-04,46
Bexley North,NSW,2207,AU,Y,2025-02-25,2025-04-18,Reserved Seating,2,False,Australia,2025-02,2025-04,52
Bexley North,NSW,2207,AU,Y,2025-02-25,2025-04-18,Reserved Seating,1,False,Australia,2025-02,2025-04,52
Bexley North,NSW,2207,AU,Y,2025-02-25,2025-04-18,Reserved Seating,1,False,Australia,2025-02,2025-04,52
Jordan Springs,NSW,2747,AU,Y,2025-02-25,2025-04-12,Single Day Entry,2,False,Australia,2025-02,2025-04,46
Jordan Springs,NSW,2747,AU,Y,2025-02-25,2025-04-12,Single Day Entry,1,False,Australia,2025-02,2025-04,46
Cranebrook,NSW,2749,AU,N,2025-02-25,2025-04-12,Single Day Entry,2,False,Australia,2025-02,2025-04,46
Summer Hill,NSW,2130,AU,N,2025-02-25,2025-04-12,Single Day Entry,2,False,Australia,2025-02,2025-04,46
Umina Beach,NSW,2257,AU,Y,2025-02-25,2025-04-22,Dino Adventures,2,False,Australia,2025-02,2025-04,56
Umina Beach,NSW,2257,AU,Y,2025-02-25,2025-04-22,Single Day Entry,2,False,Australia,2025-02,2025-04,56
Hong Kong,,0,HK,N,2025-02-25,2025-04-17,Reserved Seating,4,True,International,2025-02,2025-04,51
Mount Warrigal,NSW,2528,AU,Y,2025-02-25,2025-04-12,Single Day Entry,1,False,Australia,2025-02,2025-04,46
Caddens,NSW,2747,AU,N,2025-02-25,2025-04-12,Single Day Entry,2,False,Australia,2025-02,2025-04,46
Caddens,NSW,2747,AU,N,2025-02-25,2025-04-12,Single Day Entry,1,False,Australia,2025-02,2025-04,46
Caddens,NSW,2747,AU,N,2025-02-25,2025-04-12,Single Day Entry,1,False,Australia,2025-02,2025-04,46
Dapto,NSW,2530,AU,Y,2025-02-25,2025-04-16,Single Day Entry,3,False,Australia,2025-02,2025-04,50
Telarah,NSW,2320,AU,Y,2025-02-25,2025-04-19,After 4pm Entry,4,False,Australia,2025-02,2025-04,53
Tregear,NSW,2770,AU,N,2025-02-25,2025-04-12,Single Day Entry,2,False,Australia,2025-02,2025-04,46
nan,,,,N,2025-02-25,2025-04-12,Single Day Entry,2,True,International,2025-02,2025-04,46
Mooloolah Valley,QLD,4553,AU,N,2025-02-25,2025-04-17,Reserved Seating,6,False,Australia,2025-02,2025-04,51
Mooloolah Valley,QLD,4553,AU,N,2025-02-25,2025-04-17,Reserved Seating,1,False,Australia,2025-02,2025-04,51
Hong Kong,,0,HK,N,2025-02-25,2025-04-18,Reserved Seating,4,True,International,2025-02,2025-04,52
Eglinton,NSW,2795,AU,Y,2025-02-25,2025-04-12,Single Day Entry,1,False,Australia,2025-02,2025-04,46
Eglinton,NSW,2795,AU,Y,2025-02-25,2025-04-12,Single Day Entry,4,False,Australia,2025-02,2025-04,46
Carlingford,NSW,2118,AU,Y,2025-02-25,2025-04-16,After 4pm Entry,2,False,Australia,2025-02,2025-04,50
Carlingford,NSW,2118,AU,Y,2025-02-25,2025-04-16,After 4pm Entry,1,False,Australia,2025-02,2025-04,50
nan,,,,N,2025-02-25,2025-04-19,Single Day Entry,1,True,International,2025-02,2025-04,53
Cobbitty,NSW,2570,AU,Y,2025-02-25,2025-04-17,Single Day Entry,2,False,Australia,2025-02,2025-04,51
East Killara,NSW,2071,AU,N,2025-02-25,2025-04-12,Single Day Entry,2,False,Australia,2025-02,2025-04,46
East Killara,NSW,2071,AU,N,2025-02-25,2025-04-12,Single Day Entry,1,False,Australia,2025-02,2025-04,46
Ambarvale,NSW,2560,AU,Y,2025-02-25,2025-04-12,Single Day Entry,2,False,Australia,2025-02,2025-04,46
Sanctuary Point,NSW,2540,AU,Y,2025-02-25,2025-04-12,Single Day Entry,4,False,Australia,2025-02,2025-04,46
Lake Haven,NSW,2263,AU,Y,2025-02-25,2025-04-12,Single Day Entry,2,False,Australia,2025-02,2025-04,46
Tiwi,NT,810,AU,Y,2025-02-25,2025-04-16,Reserved Seating,2,False,Australia,2025-02,2025-04,50
Tiwi,NT,810,AU,Y,2025-02-25,2025-04-23,Donation,1,False,Australia,2025-02,2025-04,57
Tiwi,NT,810,AU,Y,2025-02-25,2025-04-23,Give & Gather Bag,1,False,Australia,2025-02,2025-04,57
Telarah,NSW,2320,AU,Y,2025-02-25,2025-04-19,After 4pm Entry,1,False,Australia,2025-02,2025-04,53
West Pymble,NSW,2073,AU,N,2025-02-25,2025-04-14,After 4pm Entry,2,False,Australia,2025-02,2025-04,48
Logan Reserve,QLD,4133,AU,N,2025-02-25,2025-04-20,After 4pm Entry,2,False,Australia,2025-02,2025-04,54
Prestons,NSW,2170,AU,Y,2025-02-25,2025-04-17,Dino Adventures,3,False,Australia,2025-02,2025-04,51
Prestons,NSW,2170,AU,Y,2025-02-25,2025-04-17,Single Day Entry,1,False,Australia,2025-02,2025-04,51
Prestons,NSW,2170,AU,Y,2025-02-25,2025-04-17,Single Day Entry,2,False,Australia,2025-02,2025-04,51
Prestons,NSW,2170,AU,Y,2025-02-25,2025-04-23,Give & Gather Bag,2,False,Australia,2025-02,2025-04,57
Kellyville Ridge,NSW,2155,AU,Y,2025-02-25,2025-04-16,Dino Adventures,2,False,Australia,2025-02,2025-04,50
Kellyville Ridge,NSW,2155,AU,Y,2025-02-25,2025-04-16,Single Day Entry,2,False,Australia,2025-02,2025-04,50
Concord,NSW,2137,AU,Y,2025-02-25,2025-04-17,Single Day Entry,4,False,Australia,2025-02,2025-04,51
Mosman,NSW,2088,AU,N,2025-02-25,2025-04-22,Single Day Entry,1,False,Australia,2025-02,2025-04,56
Mosman,NSW,2088,AU,N,2025-02-25,2025-04-22,Single Day Entry,1,False,Australia,2025-02,2025-04,56
Mosman,NSW,2088,AU,N,2025-02-25,2025-04-22,Single Day Entry,5,False,Australia,2025-02,2025-04,56
Padstow,NSW,2211,AU,N,2025-02-25,2025-04-17,Single Day Entry,4,False,Australia,2025-02,2025-04,51
Marsden Park,NSW,2765,AU,Y,2025-02-25,2025-04-12,Single Day Entry,2,False,Australia,2025-02,2025-04,46
Kellyville,NSW,2155,AU,N,2025-02-25,2025-04-22,Big Bush BBQ,7,False,Australia,2025-02,2025-04,56
Kellyville,NSW,2155,AU,N,2025-02-25,2025-04-22,Single Day Entry,4,False,Australia,2025-02,2025-04,56
Kambah,ACT,2902,AU,N,2025-02-25,2025-04-22,Single Day Entry,3,False,Australia,2025-02,2025-04,56
Elizabeth Hills,NSW,2171,AU,Y,2025-02-25,2025-04-12,Single Day Entry,4,False,Australia,2025-02,2025-04,46
Beverly Hills,NSW,2209,AU,Y,2025-02-25,2025-04-16,Single Day Entry,4,False,Australia,2025-02,2025-04,50
Beverly Hills,NSW,2209,AU,Y,2025-02-25,2025-04-23,Give & Gather Bag,1,False,Australia,2025-02,2025-04,57
Sutherland,NSW,2232,AU,N,2025-02-25,2025-04-22,Single Day Entry,1,False,Australia,2025-02,2025-04,56
Sutherland,NSW,2232,AU,N,2025-02-25,2025-04-22,Single Day Entry,1,False,Australia,2025-02,2025-04,56
Shellharbour,NSW,2529,AU,Y,2025-02-25,2025-04-18,Reserved Seating,1,False,Australia,2025-02,2025-04,52
Shellharbour,NSW,2529,AU,Y,2025-02-25,2025-04-18,Reserved Seating,1,False,Australia,2025-02,2025-04,52
Woy Woy,NSW,2256,AU,Y,2025-02-25,2025-04-12,Single Day Entry,1,False,Australia,2025-02,2025-04,46
Woy Woy,NSW,2256,AU,Y,2025-02-25,2025-04-12,Single Day Entry,1,False,Australia,2025-02,2025-04,46
Kogarah,NSW,2217,AU,Y,2025-02-25,2025-04-12,Single Day Entry,2,False,Australia,2025-02,2025-04,46
nan,,,,N,2025-02-25,2025-04-18,Single Day Entry,1,True,International,2025-02,2025-04,52
Riverwood,NSW,2210,AU,Y,2025-02-25,2025-04-12,Single Day Entry,2,False,Australia,2025-02,2025-04,46
Riverwood,NSW,2210,AU,Y,2025-02-25,2025-04-12,Single Day Entry,2,False,Australia,2025-02,2025-04,46
Riverwood,NSW,2210,AU,Y,2025-02-25,2025-04-12,Single Day Entry,1,False,Australia,2025-02,2025-04,46
Engadine,NSW,2233,AU,Y,2025-02-25,2025-04-16,Big Bush BBQ,2,False,Australia,2025-02,2025-04,50
Engadine,NSW,2233,AU,Y,2025-02-25,2025-04-16,Dino Adventures,3,False,Australia,2025-02,2025-04,50
Engadine,NSW,2233,AU,Y,2025-02-25,2025-04-16,Single Day Entry,4,False,Australia,2025-02,2025-04,50
Melonba,NSW,2765,AU,Y,2025-02-25,2025-04-12,Single Day Entry,2,False,Australia,2025-02,2025-04,46
Melonba,NSW,2765,AU,Y,2025-02-25,2025-04-12,Single Day Entry,1,False,Australia,2025-02,2025-04,46
Sydney,NSW,2000,AU,N,2025-02-25,2025-04-17,Single Day Entry,4,False,Australia,2025-02,2025-04,51
West Wollongong,NSW,2500,AU,Y,2025-02-25,2025-04-12,Single Day Entry,4,False,Australia,2025-02,2025-04,46
Northmead,NSW,2152,AU,Y,2025-02-25,2025-04-17,Single Day Entry,2,False,Australia,2025-02,2025-04,51
Hillsdale,NSW,2036,AU,N,2025-02-25,2025-04-16,Single Day Entry,4,False,Australia,2025-02,2025-04,50
Hillsdale,NSW,2036,AU,N,2025-02-25,2025-04-23,Give & Gather Bag,1,False,Australia,2025-02,2025-04,57
Bass Hill,NSW,2197,AU,N,2025-02-25,2025-04-12,Single Day Entry,4,False,Australia,2025-02,2025-04,46
Revesby,NSW,2212,AU,N,2025-02-25,2025-04-16,Single Day Entry,2,False,Australia,2025-02,2025-04,50
Heathcote,NSW,2233,AU,Y,2025-02-25,2025-04-21,After 4pm Entry,2,False,Australia,2025-02,2025-04,55
Heathcote,NSW,2233,AU,Y,2025-02-25,2025-04-21,After 4pm Entry,2,False,Australia,2025-02,2025-04,55
Heathcote,NSW,2233,AU,Y,2025-02-25,2025-04-21,After 4pm Entry,2,False,Australia,2025-02,2025-04,55
Sydney,NSW,2070,AU,Y,2025-02-25,2025-04-16,Single Day Entry,4,False,Australia,2025-02,2025-04,50
Brighton-Le-Sands,NSW,2216,AU,Y,2025-02-25,2025-04-12,Single Day Entry,2,False,Australia,2025-02,2025-04,46
Grenfell,NSW,2810,AU,Y,2025-02-25,2025-04-12,Single Day Entry,2,False,Australia,2025-02,2025-04,46
Punchbowl,NSW,2196,AU,Y,2025-02-25,2025-04-17,Single Day Entry,2,False,Australia,2025-02,2025-04,51
Cranebrook,NSW,2749,AU,N,2025-02-25,2025-04-18,Reserved Seating,2,False,Australia,2025-02,2025-04,52
Cranebrook,NSW,2749,AU,N,2025-02-25,2025-04-18,Reserved Seating,1,False,Australia,2025-02,2025-04,52
Riverwood,NSW,2210,AU,Y,2025-02-25,2025-04-22,Single Day Entry,1,False,Australia,2025-02,2025-04,56
Riverwood,NSW,2210,AU,Y,2025-02-25,2025-04-22,Single Day Entry,2,False,Australia,2025-02,2025-04,56
Harrison,ACT,2914,AU,Y,2025-02-25,2025-04-12,Single Day Entry,2,False,Australia,2025-02,2025-04,46
nan,,,,N,2025-02-25,2025-04-11,Single Day Entry,1,True,International,2025-02,2025-04,45
Carlingford,NSW,2118,AU,Y,2025-02-25,2025-04-22,Single Day Entry,2,False,Australia,2025-02,2025-04,56
Carlingford,NSW,2118,AU,Y,2025-02-25,2025-04-22,Single Day Entry,2,False,Australia,2025-02,2025-04,56
Leppington,NSW,2179,AU,N,2025-02-25,2025-04-12,Dino Adventures,3,False,Australia,2025-02,2025-04,46
Leppington,NSW,2179,AU,N,2025-02-25,2025-04-12,Single Day Entry,4,False,Australia,2025-02,2025-04,46
Old Guildford,NSW,2161,AU,N,2025-02-25,2025-04-15,After 4pm Entry,5,False,Australia,2025-02,2025-04,49
Sylvania,NSW,2224,AU,N,2025-02-25,2025-04-12,Single Day Entry,2,False,Australia,2025-02,2025-04,46
Neutral Bay,NSW,2089,AU,N,2025-02-25,2025-04-19,Big Bush BBQ,8,False,Australia,2025-02,2025-04,53
Bexley,NSW,2207,AU,N,2025-02-25,2025-04-11,Single Day Entry,1,False,Australia,2025-02,2025-04,45
Bexley,NSW,2207,AU,N,2025-02-25,2025-04-11,Single Day Entry,1,False,Australia,2025-02,2025-04,45
Killarney Heights,NSW,2087,AU,Y,2025-02-25,2025-04-11,Single Day Entry,2,False,Australia,2025-02,2025-04,45
Sydney,NSW,2000,AU,Y,2025-02-25,2025-04-11,Single Day Entry,4,False,Australia,2025-02,2025-04,45
Curl Curl,NSW,2096,AU,N,2025-02-25,2025-04-11,Single Day Entry,1,False,Australia,2025-02,2025-04,45
Curl Curl,NSW,2096,AU,N,2025-02-25,2025-04-11,Single Day Entry,1,False,Australia,2025-02,2025-04,45
Curl Curl,NSW,2096,AU,N,2025-02-25,2025-04-11,Single Day Entry,4,False,Australia,2025-02,2025-04,45
Condell Park,NSW,2200,AU,Y,2025-02-25,2025-04-11,Single Day Entry,2,False,Australia,2025-02,2025-04,45
Wandillup,WA,6256,AU,N,2025-02-25,2025-04-11,Single Day Entry,2,False,Australia,2025-02,2025-04,45
Faulconbridge,NSW,2776,AU,Y,2025-02-25,2025-04-11,Single Day Entry,3,False,Australia,2025-02,2025-04,45
Sutherland,NSW,2232,AU,Y,2025-02-25,2025-04-11,Single Day Entry,2,False,Australia,2025-02,2025-04,45
Paddington,NSW,2021,AU,N,2025-02-25,2025-04-11,Single Day Entry,2,False,Australia,2025-02,2025-04,45
Silverdale,NSW,2752,AU,N,2025-02-25,2025-04-11,Single Day Entry,2,False,Australia,2025-02,2025-04,45
Sydney,NSW,2155,AU,N,2025-02-25,2025-04-11,Single Day Entry,1,False,Australia,2025-02,2025-04,45
Sydney,NSW,2155,AU,N,2025-02-25,2025-04-11,Single Day Entry,1,False,Australia,2025-02,2025-04,45
Narraweena,NSW,2099,AU,Y,2025-02-25,2025-04-11,Single Day Entry,1,False,Australia,2025-02,2025-04,45
Narraweena,NSW,2099,AU,Y,2025-02-25,2025-04-23,Give & Gather Bag,1,False,Australia,2025-02,2025-04,57
North Ryde,NSW,2113,AU,Y,2025-02-25,2025-04-11,Single Day Entry,2,False,Australia,2025-02,2025-04,45
North Ryde,NSW,2113,AU,Y,2025-02-25,2025-04-11,Single Day Entry,1,False,Australia,2025-02,2025-04,45
Urbandale,,50323,US,N,2025-02-25,2025-04-11,Single Day Entry,1,True,International,2025-02,2025-04,45
Oran Park,NSW,2570,AU,Y,2025-02-25,2025-04-11,Single Day Entry,2,False,Australia,2025-02,2025-04,45
Mount Warrigal,NSW,2528,AU,Y,2025-02-25,2025-04-11,Single Day Entry,1,False,Australia,2025-02,2025-04,45
Mount Warrigal,NSW,2528,AU,Y,2025-02-25,2025-04-11,Single Day Entry,4,False,Australia,2025-02,2025-04,45
Singapore,,732572,SG,N,2025-02-25,2025-04-11,Single Day Entry,1,True,International,2025-02,2025-04,45
Singapore,,732572,SG,N,2025-02-25,2025-04-11,Single Day Entry,4,True,International,2025-02,2025-04,45
Silverdale,NSW,2752,AU,Y,2025-02-25,2025-04-11,Single Day Entry,2,False,Australia,2025-02,2025-04,45
Leura,NSW,2780,AU,Y,2025-02-25,2025-04-11,Single Day Entry,2,False,Australia,2025-02,2025-04,45
Hurstville Grove,NSW,2220,AU,N,2025-02-25,2025-04-11,Single Day Entry,1,False,Australia,2025-02,2025-04,45
Hurstville Grove,NSW,2220,AU,N,2025-02-25,2025-04-11,Single Day Entry,4,False,Australia,2025-02,2025-04,45
Blakehurst,NSW,2221,AU,N,2025-02-25,2025-04-11,Single Day Entry,1,False,Australia,2025-02,2025-04,45
Ruse,NSW,2564,AU,Y,2025-02-25,2025-04-11,Single Day Entry,2,False,Australia,2025-02,2025-04,45
Ruse,NSW,2564,AU,Y,2025-02-25,2025-04-11,Single Day Entry,1,False,Australia,2025-02,2025-04,45
Darling Point,NSW,2027,AU,Y,2025-02-25,2025-04-11,Single Day Entry,2,False,Australia,2025-02,2025-04,45
Grose Vale,NSW,2753,AU,Y,2025-02-25,2025-04-11,Single Day Entry,3,False,Australia,2025-02,2025-04,45
Grose Vale,NSW,2753,AU,Y,2025-02-26,2025-04-11,Single Day Entry,4,False,Australia,2025-02,2025-04,44
Grose Vale,NSW,2753,AU,Y,2025-02-27,2025-04-11,Single Day Entry,3,False,Australia,2025-02,2025-04,43
Grose Vale,NSW,2753,AU,Y,2025-02-28,2025-04-11,Single Day Entry,4,False,Australia,2025-02,2025-04,42
Grose Vale,NSW,2753,AU,Y,2025-03-01,2025-04-11,Single Day Entry,4,False,Australia,2025-03,2025-04,41
Balmain,NSW,2041,AU,Y,2025-03-02,2025-04-11,Single Day Entry,2,False,Australia,2025-03,2025-04,40
Gorokan,NSW,2263,AU,N,2025-03-03,2025-04-11,Single Day Entry,1,False,Australia,2025-03,2025-04,39
Leumeah,NSW,2560,AU,N,2025-03-04,2025-04-11,Dino Adventures,2,False,Australia,2025-03,2025-04,38
Leumeah,NSW,2560,AU,N,2025-03-05,2025-04-11,Single Day Entry,1,False,Australia,2025-03,2025-04,37
Leumeah,NSW,2560,AU,N,2025-03-06,2025-04-11,Single Day Entry,1,False,Australia,2025-03,2025-04,36
Leumeah,NSW,2560,AU,N,2025-03-07,2025-04-23,Give & Gather Bag,1,False,Australia,2025-03,2025-04,47
Darlinghurst,NSW,2010,AU,Y,2025-03-08,2025-04-11,Single Day Entry,3,False,Australia,2025-03,2025-04,34
Darlinghurst,NSW,2010,AU,Y,2025-03-09,2025-04-11,Single Day Entry,3,False,Australia,2025-03,2025-04,33
Darlinghurst,NSW,2010,AU,Y,2025-03-10,2025-04-11,Single Day Entry,4,False,Australia,2025-03,2025-04,32
Ermington,NSW,2115,AU,Y,2025-03-11,2025-04-11,Single Day Entry,2,False,Australia,2025-03,2025-04,31
St Marys,NSW,2760,AU,N,2025-02-25,2025-04-11,Single Day Entry,2,False,Australia,2025-02,2025-04,45
Lindfield,NSW,2070,AU,Y,2025-02-25,2025-04-11,Single Day Entry,1,False,Australia,2025-02,2025-04,45
Lindfield,NSW,2070,AU,Y,2025-02-25,2025-04-11,Single Day Entry,4,False,Australia,2025-02,2025-04,45
Lidcombe,NSW,2141,AU,N,2025-02-25,2025-04-11,Single Day Entry,2,False,Australia,2025-02,2025-04,45
Lidcombe,NSW,2141,AU,N,2025-02-25,2025-04-11,Single Day Entry,1,False,Australia,2025-02,2025-04,45
Randwick,NSW,2031,AU,Y,2025-02-25,2025-04-11,Single Day Entry,1,False,Australia,2025-02,2025-04,45
Kirrawee,NSW,2232,AU,N,2025-02-25,2025-04-11,Single Day Entry,1,False,Australia,2025-02,2025-04,45
Seaforth,NSW,2092,AU,Y,2025-02-25,2025-04-11,Single Day Entry,1,False,Australia,2025-02,2025-04,45
Albion Park,NSW,2527,AU,Y,2025-04-10,2025-04-11,Single Day Entry,4,False,Australia,2025-04,2025-04,1
Wiley Park,NSW,2195,AU,N,2025-04-10,2025-04-11,Single Day Entry,1,False,Australia,2025-04,2025-04,1
Bateau Bay,NSW,2261,AU,Y,2025-04-10,2025-04-11,Single Day Entry,2,False,Australia,2025-04,2025-04,1
nan,,,,N,2025-04-10,2025-04-11,Single Day Entry,1,True,International,2025-04,2025-04,1
Panania,NSW,2213,AU,N,2025-04-10,2025-04-11,Single Day Entry,2,False,Australia,2025-04,2025-04,1
Panania,NSW,2213,AU,N,2025-04-10,2025-04-11,Single Day Entry,1,False,Australia,2025-04,2025-04,1
West Hoxton,NSW,2171,AU,N,2025-04-10,2025-04-11,Single Day Entry,4,False,Australia,2025-04,2025-04,1
Hurstville,NSW,2220,AU,N,2025-04-10,2025-04-11,Single Day Entry,1,False,Australia,2025-04,2025-04,1
Hurstville,NSW,2220,AU,N,2025-02-25,2025-04-11,Single Day Entry,1,False,Australia,2025-02,2025-04,45
Sydney,NSW,2766,AU,Y,2025-02-25,2025-04-11,Big Bush BBQ,1,False,Australia,2025-02,2025-04,45
Sydney,NSW,2766,AU,Y,2025-02-25,2025-04-11,Single Day Entry,2,False,Australia,2025-02,2025-04,45
Gregory Hills,NSW,2557,AU,Y,2025-02-25,2025-04-11,Single Day Entry,2,False,Australia,2025-02,2025-04,45
Jannali,NSW,2226,AU,Y,2025-02-25,2025-04-11,Single Day Entry,5,False,Australia,2025-02,2025-04,45
Raymond Terrace,NSW,2324,AU,Y,2025-02-25,2025-04-11,Single Day Entry,3,False,Australia,2025-02,2025-04,45
Bonnyrigg,NSW,2177,AU,Y,2025-02-25,2025-04-11,Single Day Entry,2,False,Australia,2025-02,2025-04,45
North Parramatta,NSW,2151,AU,Y,2025-02-25,2025-04-11,Single Day Entry,1,False,Australia,2025-02,2025-04,45
North Parramatta,NSW,2151,AU,Y,2025-02-25,2025-04-11,Single Day Entry,2,False,Australia,2025-02,2025-04,45
Kooringal,NSW,2650,AU,N,2025-02-25,2025-04-11,Single Day Entry,1,False,Australia,2025-02,2025-04,45
Kooringal,NSW,2650,AU,N,2025-02-25,2025-04-11,Single Day Entry,1,False,Australia,2025-02,2025-04,45
Tuncurry,NSW,2428,AU,Y,2025-04-10,2025-04-11,Single Day Entry,2,False,Australia,2025-04,2025-04,1
Tuncurry,NSW,2428,AU,Y,2025-04-10,2025-04-11,Single Day Entry,1,False,Australia,2025-04,2025-04,1
Tuncurry,NSW,2428,AU,Y,2025-04-10,2025-04-11,Single Day Entry,2,False,Australia,2025-04,2025-04,1
Albion Park Rail,NSW,2527,AU,Y,2025-04-10,2025-04-11,Single Day Entry,1,False,Australia,2025-04,2025-04,1
Albion Park Rail,NSW,2527,AU,Y,2025-04-10,2025-04-11,Single Day Entry,4,False,Australia,2025-04,2025-04,1
Albion Park Rail,NSW,2527,AU,Y,2025-04-10,2025-04-11,Single Day Entry,1,False,Australia,2025-04,2025-04,1
Albion Park Rail,NSW,2527,AU,Y,2025-04-10,2025-04-11,Single Day Entry,2,False,Australia,2025-04,2025-04,1
Mount Pritchard,NSW,2170,AU,Y,2025-04-10,2025-04-11,Single Day Entry,4,False,Australia,2025-04,2025-04,1
Parramatta,NSW,2150,AU,Y,2025-04-10,2025-04-11,Single Day Entry,1,False,Australia,2025-04,2025-04,1
Parramatta,NSW,2150,AU,Y,2025-04-10,2025-04-11,Single Day Entry,2,False,Australia,2025-04,2025-04,1
Miller,NSW,2168,AU,Y,2025-04-10,2025-04-11,Single Day Entry,8,False,Australia,2025-04,2025-04,1
Earlwood,NSW,2206,AU,Y,2025-04-10,2025-04-11,Single Day Entry,3,False,Australia,2025-04,2025-04,1
Oakdale,NSW,2570,AU,N,2025-04-10,2025-04-11,Single Day Entry,4,False,Australia,2025-04,2025-04,1
Yarravel,NSW,2440,AU,Y,2025-02-25,2025-04-11,Single Day Entry,4,False,Australia,2025-02,2025-04,45
Yarravel,NSW,2440,AU,Y,2025-02-25,2025-04-11,Single Day Entry,1,False,Australia,2025-02,2025-04,45
Yarravel,NSW,2440,AU,Y,2025-02-25,2025-04-11,Single Day Entry,1,False,Australia,2025-02,2025-04,45
Greenacre,ACT,2190,AU,Y,2025-02-25,2025-04-11,Single Day Entry,2,False,Australia,2025-02,2025-04,45
Greystanes,NSW,2145,AU,Y,2025-02-25,2025-04-11,Single Day Entry,1,False,Australia,2025-02,2025-04,45
Greystanes,NSW,2145,AU,Y,2025-02-25,2025-04-11,Single Day Entry,4,False,Australia,2025-02,2025-04,45
Wollstonecraft,NSW,2065,AU,N,2025-02-25,2025-04-11,Single Day Entry,2,False,Australia,2025-02,2025-04,45
Rhodes,NSW,2138,AU,Y,2025-02-25,2025-04-11,Single Day Entry,4,False,Australia,2025-02,2025-04,45
Long Jetty,NSW,2261,AU,Y,2025-02-25,2025-04-11,Single Day Entry,2,False,Australia,2025-02,2025-04,45
Dee Why,NSW,2099,AU,Y,2025-02-25,2025-04-11,Single Day Entry,4,False,Australia,2025-02,2025-04,45
Greenacre,NSW,2190,AU,Y,2025-04-10,2025-04-11,Single Day Entry,2,False,Australia,2025-04,2025-04,1
Dulwich Hill,NSW,2203,AU,Y,2025-04-10,2025-04-11,Single Day Entry,1,False,Australia,2025-04,2025-04,1
Collaroy Plateau,NSW,2097,AU,N,2025-04-10,2025-04-11,Single Day Entry,2,False,Australia,2025-04,2025-04,1
Collaroy Plateau,NSW,2097,AU,N,2025-04-10,2025-04-11,Single Day Entry,4,False,Australia,2025-04,2025-04,1
Berala,NSW,2141,AU,Y,2025-04-10,2025-04-11,Single Day Entry,1,False,Australia,2025-04,2025-04,1
Berala,NSW,2141,AU,Y,2025-04-10,2025-04-11,Single Day Entry,1,False,Australia,2025-04,2025-04,1
Green Valley,NSW,2168,AU,Y,2025-04-10,2025-04-11,Single Day Entry,1,False,Australia,2025-04,2025-04,1
Green Valley,NSW,2168,AU,Y,2025-02-25,2025-04-11,Single Day Entry,2,False,Australia,2025-02,2025-04,45
Barden Ridge,NSW,2234,AU,Y,2025-02-25,2025-04-11,Single Day Entry,2,False,Australia,2025-02,2025-04,45
Yennora,NSW,2161,AU,N,2025-02-25,2025-04-11,Single Day Entry,2,False,Australia,2025-02,2025-04,45
Arncliffe,NSW,2205,AU,Y,2025-02-28,2025-04-11,Single Day Entry,2,False,Australia,2025-02,2025-04,42
Arncliffe,NSW,2205,AU,Y,2025-03-01,2025-04-11,Single Day Entry,1,False,Australia,2025-03,2025-04,41
Shell Cove,NSW,2529,AU,N,2025-03-02,2025-04-11,Single Day Entry,2,False,Australia,2025-03,2025-04,40
Shell Cove,NSW,2529,AU,N,2025-03-03,2025-04-11,Single Day Entry,1,False,Australia,2025-03,2025-04,39
St Clair,NSW,2759,AU,N,2025-03-04,2025-04-11,Single Day Entry,3,False,Australia,2025-03,2025-04,38
Balgowlah,NSW,2093,AU,Y,2025-03-05,2025-04-11,Single Day Entry,4,False,Australia,2025-03,2025-04,37
Balgowlah,NSW,2093,AU,Y,2025-03-06,2025-04-23,Give & Gather Bag,1,False,Australia,2025-03,2025-04,48
Engadine,NSW,2233,AU,Y,2025-02-25,2025-04-11,Single Day Entry,2,False,Australia,2025-02,2025-04,45
Leichhardt,NSW,2040,AU,N,2025-02-25,2025-04-11,Single Day Entry,1,False,Australia,2025-02,2025-04,45
Leichhardt,NSW,2040,AU,N,2025-02-25,2025-04-11,Single Day Entry,1,False,Australia,2025-02,2025-04,45
Freshwater,NSW,2096,AU,N,2025-02-25,2025-04-11,Single Day Entry,1,False,Australia,2025-02,2025-04,45
Freshwater,NSW,2096,AU,N,2025-02-25,2025-04-11,Single Day Entry,1,False,Australia,2025-02,2025-04,45
Hoxton Park,NSW,2171,AU,N,2025-02-25,2025-04-11,Single Day Entry,4,False,Australia,2025-02,2025-04,45
Morayfield,QLD,4506,AU,Y,2025-04-10,2025-04-11,Single Day Entry,4,False,Australia,2025-04,2025-04,1
Bray Park,QLD,4500,AU,Y,2025-04-10,2025-04-11,Single Day Entry,1,False,Australia,2025-04,2025-04,1
Bray Park,QLD,4500,AU,Y,2025-04-10,2025-04-11,Single Day Entry,1,False,Australia,2025-04,2025-04,1
Sydney,NSW,2122,AU,Y,2025-04-10,2025-04-11,Single Day Entry,1,False,Australia,2025-04,2025-04,1
Baulkham Hills,NSW,2153,AU,Y,2025-04-10,2025-04-11,Single Day Entry,2,False,Australia,2025-04,2025-04,1
West Pennant Hills,NSW,2125,AU,Y,2025-04-10,2025-04-11,Single Day Entry,1,False,Australia,2025-04,2025-04,1
West Ryde,NSW,2114,AU,N,2025-04-10,2025-04-11,After 4pm Entry,1,False,Australia,2025-04,2025-04,1
West Ryde,NSW,2114,AU,N,2025-04-10,2025-04-11,After 4pm Entry,1,False,Australia,2025-04,2025-04,1
Sydney,NSW,2214,AU,N,2025-04-10,2025-04-11,After 4pm Entry,5,False,Australia,2025-04,2025-04,1
Rydalmere,NSW,2116,AU,N,2025-02-25,2025-04-11,After 4pm Entry,2,False,Australia,2025-02,2025-04,45
Sylvania Waters,NSW,2224,AU,Y,2025-02-25,2025-04-11,After 4pm Entry,1,False,Australia,2025-02,2025-04,45
Georges Hall,NSW,2198,AU,Y,2025-02-25,2025-04-11,After 4pm Entry,2,False,Australia,2025-02,2025-04,45
Georges Hall,NSW,2198,AU,Y,2025-02-25,2025-04-11,After 4pm Entry,2,False,Australia,2025-02,2025-04,45
Greystanes,NSW,2145,AU,N,2025-02-25,2025-04-11,After 4pm Entry,2,False,Australia,2025-02,2025-04,45
Greystanes,NSW,2145,AU,N,2025-02-25,2025-04-11,After 4pm Entry,3,False,Australia,2025-02,2025-04,45
Cabramatta,NSW,2166,AU,N,2025-02-25,2025-04-11,After 4pm Entry,2,False,Australia,2025-02,2025-04,45
Auburn,NSW,2144,AU,Y,2025-02-25,2025-04-11,After 4pm Entry,2,False,Australia,2025-02,2025-04,45
Auburn,NSW,2144,AU,Y,2025-02-25,2025-04-11,After 4pm Entry,1,False,Australia,2025-02,2025-04,45
Kirrawee,NSW,2232,AU,Y,2025-02-25,2025-04-19,Reserved Seating,4,False,Australia,2025-02,2025-04,53
Bondi,NSW,2026,AU,Y,2025-02-25,2025-04-19,Reserved Seating,4,False,Australia,2025-02,2025-04,53
Pagewood,NSW,2035,AU,Y,2025-02-25,2025-04-19,Reserved Seating,1,False,Australia,2025-02,2025-04,53
Pagewood,NSW,2035,AU,Y,2025-02-25,2025-04-19,Reserved Seating,1,False,Australia,2025-02,2025-04,53
Bondi,NSW,2026,AU,Y,2025-02-25,2025-04-19,Reserved Seating,3,False,Australia,2025-02,2025-04,53
St Clair,NSW,2759,AU,Y,2025-02-25,2025-04-19,Reserved Seating,1,False,Australia,2025-02,2025-04,53
St Clair,NSW,2759,AU,Y,2025-02-25,2025-04-19,Reserved Seating,1,False,Australia,2025-02,2025-04,53
Glenbrook,NSW,2773,AU,N,2025-04-01,2025-04-19,Reserved Seating,2,False,Australia,2025-04,2025-04,18
Baulkham Hills,NSW,2153,AU,N,2025-04-02,2025-04-19,Reserved Seating,2,False,Australia,2025-04,2025-04,17
Auburn,NSW,2144,AU,N,2025-04-03,2025-04-19,Reserved Seating,1,False,Australia,2025-04,2025-04,16
Auburn,NSW,2144,AU,N,2025-02-25,2025-04-19,Reserved Seating,1,False,Australia,2025-02,2025-04,53
Oran Park,NSW,2570,AU,N,2025-02-25,2025-04-19,Reserved Seating,4,False,Australia,2025-02,2025-04,53
Wentworth Falls,NSW,2782,AU,Y,2025-04-01,2025-04-19,Reserved Seating,1,False,Australia,2025-04,2025-04,18
203 Kelsos Lane,NSW,2340,AU,N,2025-04-02,2025-04-19,Big Bush BBQ,4,False,Australia,2025-04,2025-04,17
203 Kelsos Lane,NSW,2340,AU,N,2025-04-03,2025-04-19,Reserved Seating,4,False,Australia,2025-04,2025-04,16
Brisbane,QLD,4160,AU,N,2025-04-04,2025-04-19,Dino Adventures,3,False,Australia,2025-04,2025-04,15
Brisbane,QLD,4160,AU,N,2025-04-10,2025-04-19,Reserved Seating,2,False,Australia,2025-04,2025-04,9
Brisbane,QLD,4160,AU,N,2025-02-25,2025-04-19,Reserved Seating,1,False,Australia,2025-02,2025-04,53
Camberwell,VIC,3124,AU,Y,2025-02-25,2025-04-19,Reserved Seating,2,False,Australia,2025-02,2025-04,53
Camberwell,VIC,3124,AU,Y,2025-02-25,2025-04-19,Reserved Seating,1,False,Australia,2025-02,2025-04,53
Yowie Bay,NSW,2228,AU,Y,2025-02-25,2025-04-23,Give & Gather Bag,1,False,Australia,2025-02,2025-04,57
Yowie Bay,NSW,2228,AU,Y,2025-02-25,2025-04-20,Reserved Seating,4,False,Australia,2025-02,2025-04,54
Adamstown,NSW,2289,AU,Y,2025-04-01,2025-04-20,Reserved Seating,2,False,Australia,2025-04,2025-04,19
